Country/Region,Province/State,Admin2,Population
US,Alabama,Autauga,55601
US,Alabama,Baldwin,218022
US,Alabama,Barbour,24881
US,Alabama,Bibb,22400
US,Alabama,Blount,57840
US,Alabama,Bullock,10138
US,Alabama,Butler,19680
US,Alabama,Calhoun,114277
US,Alabama,Chambers,33615
US,Alabama,Cherokee,26032
US,Alabama,Chilton,44153
US,Alabama,Choctaw,12841
US,Alabama,Clarke,23920
US,Alabama,Clay,13275
US,Alabama,Cleburne,14987
US,Alabama,Coffee,51909
US,Alabama,Colbert,54762
US,Alabama,Conecuh,12277
US,Alabama,Coosa,10715
US,Alabama,Covington,36986
US,Alabama,Crenshaw,13824
US,Alabama,Cullman,83442
US,Alabama,Dale,48956
US,Alabama,Dallas,38310
US,Alabama,DeKalb,71385
US,Alabama,Elmore,81887
US,Alabama,Escambia,36748
US,Alabama,Etowah,102501
US,Alabama,Fayette,16433
US,Alabama,Franklin,31363
US,Alabama,Geneva,26314
US,Alabama,Greene,8233
US,Alabama,Hale,14726
US,Alabama,Henry,17209
US,Alabama,Houston,104722
US,Alabama,Jackson,51736
US,Alabama,Jefferson,659300
US,Alabama,Lamar,13844
US,Alabama,Lauderdale,92387
US,Alabama,Lawrence,32957
US,Alabama,Lee,163941
US,Alabama,Limestone,96174
US,Alabama,Lowndes,9974
US,Alabama,Macon,18439
US,Alabama,Madison,366519
US,Alabama,Marengo,19066
US,Alabama,Marion,29763
US,Alabama,Marshall,96109
US,Alabama,Mobile,413757
US,Alabama,Monroe,21067
US,Alabama,Montgomery,225763
US,Alabama,Morgan,119089
US,Alabama,Perry,9140
US,Alabama,Pickens,19938
US,Alabama,Pike,33338
US,Alabama,Randolph,22725
US,Alabama,Russell,57781
US,Alabama,St. Clair,88690
US,Alabama,Shelby,215707
US,Alabama,Sumter,12691
US,Alabama,Talladega,79828
US,Alabama,Tallapoosa,40497
US,Alabama,Tuscaloosa,208911
US,Alabama,Walker,63711
US,Alabama,Washington,16378
US,Alabama,Wilcox,10627
US,Alabama,Winston,23660
US,Alaska,Aleutians East,3515
US,Alaska,Aleutians West,5723
US,Alaska,Anchorage,291538
US,Alaska,Bethel,18216
US,Alaska,Bristol Bay,877
US,Alaska,Denali,2059
US,Alaska,Dillingham,5000
US,Alaska,Fairbanks North Star,98971
US,Alaska,Haines,2474
US,Alaska,Hoonah-Angoon,2151
US,Alaska,Juneau,32113
US,Alaska,Kenai Peninsula,58533
US,Alaska,Ketchikan Gateway,13918
US,Alaska,Kodiak Island,13345
US,Alaska,Kusilvak,8303
US,Alaska,Lake and Peninsula,1587
US,Alaska,Matanuska-Susitna,107610
US,Alaska,Nome,10008
US,Alaska,North Slope,9872
US,Alaska,Northwest Arctic,7671
US,Alaska,Petersburg,3221
US,Alaska,Prince of Wales-Hyder,6422
US,Alaska,Sitka,8647
US,Alaska,Skagway,1148
US,Alaska,Southeast Fairbanks,6918
US,Alaska,Valdez-Cordova,9164
US,Alaska,Wrangell,2503
US,Alaska,Yakutat,604
US,Alaska,Yukon-Koyukuk,5327
US,Arizona,Apache,71818
US,Arizona,Cochise,126770
US,Arizona,Coconino,142854
US,Arizona,Gila,53889
US,Arizona,Graham,38072
US,Arizona,Greenlee,9483
US,Arizona,La Paz,21098
US,Arizona,Maricopa,4410824
US,Arizona,Mohave,209550
US,Arizona,Navajo,110445
US,Arizona,Pima,1039073
US,Arizona,Pinal,447138
US,Arizona,Santa Cruz,46511
US,Arizona,Yavapai,231993
US,Arizona,Yuma,212128
US,Arkansas,Arkansas,17769
US,Arkansas,Ashley,20046
US,Arkansas,Baxter,41619
US,Arkansas,Benton,272608
US,Arkansas,Boone,37480
US,Arkansas,Bradley,10897
US,Arkansas,Calhoun,5277
US,Arkansas,Carroll,28223
US,Arkansas,Chicot,10438
US,Arkansas,Clark,22061
US,Arkansas,Clay,14847
US,Arkansas,Cleburne,24965
US,Arkansas,Cleveland,8018
US,Arkansas,Columbia,23537
US,Arkansas,Conway,20891
US,Arkansas,Craighead,108558
US,Arkansas,Crawford,63406
US,Arkansas,Crittenden,48342
US,Arkansas,Cross,16676
US,Arkansas,Dallas,7182
US,Arkansas,Desha,11512
US,Arkansas,Drew,18328
US,Arkansas,Faulkner,124806
US,Arkansas,Franklin,17810
US,Arkansas,Fulton,12269
US,Arkansas,Garland,99154
US,Arkansas,Grant,18188
US,Arkansas,Greene,45325
US,Arkansas,Hempstead,21741
US,Arkansas,Hot Spring,33701
US,Arkansas,Howard,13341
US,Arkansas,Independence,37678
US,Arkansas,Izard,13593
US,Arkansas,Jackson,16811
US,Arkansas,Jefferson,68114
US,Arkansas,Johnson,26742
US,Arkansas,Lafayette,6682
US,Arkansas,Lawrence,16434
US,Arkansas,Lee,8985
US,Arkansas,Lincoln,13383
US,Arkansas,Little River,12326
US,Arkansas,Logan,21737
US,Arkansas,Lonoke,73657
US,Arkansas,Madison,16481
US,Arkansas,Marion,16722
US,Arkansas,Miller,43592
US,Arkansas,Mississippi,41239
US,Arkansas,Monroe,6900
US,Arkansas,Montgomery,8924
US,Arkansas,Nevada,8326
US,Arkansas,Newton,7805
US,Arkansas,Ouachita,23606
US,Arkansas,Perry,10352
US,Arkansas,Phillips,18029
US,Arkansas,Pike,10673
US,Arkansas,Poinsett,23974
US,Arkansas,Polk,20049
US,Arkansas,Pope,64000
US,Arkansas,Prairie,8074
US,Arkansas,Pulaski,392680
US,Arkansas,Randolph,17948
US,Arkansas,St. Francis,25439
US,Arkansas,Saline,121421
US,Arkansas,Scott,10319
US,Arkansas,Searcy,7958
US,Arkansas,Sebastian,127753
US,Arkansas,Sevier,17139
US,Arkansas,Sharp,17366
US,Arkansas,Stone,12457
US,Arkansas,Union,39126
US,Arkansas,Van Buren,16603
US,Arkansas,Washington,236961
US,Arkansas,White,78727
US,Arkansas,Woodruff,6490
US,Arkansas,Yell,21535
US,California,Alameda,1666753
US,California,Alpine,1101
US,California,Amador,39383
US,California,Butte,231256
US,California,Calaveras,45602
US,California,Colusa,21627
US,California,Contra Costa,1150215
US,California,Del Norte,27828
US,California,El Dorado,190678
US,California,Fresno,994400
US,California,Glenn,28047
US,California,Humboldt,136373
US,California,Imperial,181827
US,California,Inyo,17987
US,California,Kern,896764
US,California,Kings,151366
US,California,Lake,64382
US,California,Lassen,30802
US,California,Los Angeles,10105518
US,California,Madera,157672
US,California,Marin,259666
US,California,Mariposa,17471
US,California,Mendocino,87606
US,California,Merced,274765
US,California,Modoc,8777
US,California,Mono,14250
US,California,Monterey,435594
US,California,Napa,139417
US,California,Nevada,99696
US,California,Orange,3185968
US,California,Placer,393149
US,California,Plumas,18804
US,California,Riverside,2450758
US,California,Sacramento,1540975
US,California,San Benito,61537
US,California,San Bernardino,2171603
US,California,San Diego,3343364
US,California,San Francisco,883305
US,California,San Joaquin,752660
US,California,San Luis Obispo,284010
US,California,San Mateo,769545
US,California,Santa Barbara,446527
US,California,Santa Clara,1937570
US,California,Santa Cruz,274255
US,California,Shasta,180040
US,California,Sierra,2987
US,California,Siskiyou,43724
US,California,Solano,446610
US,California,Sonoma,499942
US,California,Stanislaus,549815
US,California,Sutter,96807
US,California,Tehama,63916
US,California,Trinity,12535
US,California,Tulare,465861
US,California,Tuolumne,54539
US,California,Ventura,850967
US,California,Yolo,220408
US,California,Yuba,78041
US,Colorado,Adams,511868
US,Colorado,Alamosa,16683
US,Colorado,Arapahoe,651215
US,Colorado,Archuleta,13765
US,Colorado,Baca,3585
US,Colorado,Bent,5882
US,Colorado,Boulder,326078
US,Colorado,Broomfield,69267
US,Colorado,Chaffee,20027
US,Colorado,Cheyenne,1876
US,Colorado,Clear Creek,9605
US,Colorado,Conejos,8200
US,Colorado,Costilla,3828
US,Colorado,Crowley,5858
US,Colorado,Custer,4954
US,Colorado,Delta,30953
US,Colorado,Denver,716492
US,Colorado,Dolores,2074
US,Colorado,Douglas,342776
US,Colorado,Eagle,54993
US,Colorado,Elbert,26282
US,Colorado,El Paso,713856
US,Colorado,Fremont,48021
US,Colorado,Garfield,59770
US,Colorado,Gilpin,6121
US,Colorado,Grand,15525
US,Colorado,Gunnison,17246
US,Colorado,Hinsdale,811
US,Colorado,Huerfano,6889
US,Colorado,Jackson,1399
US,Colorado,Jefferson,580233
US,Colorado,Kiowa,1383
US,Colorado,Kit Carson,7163
US,Colorado,Lake,7824
US,Colorado,La Plata,56310
US,Colorado,Larimer,350518
US,Colorado,Las Animas,14503
US,Colorado,Lincoln,5610
US,Colorado,Logan,21528
US,Colorado,Mesa,153207
US,Colorado,Mineral,776
US,Colorado,Moffat,13188
US,Colorado,Montezuma,26158
US,Colorado,Montrose,42214
US,Colorado,Morgan,28558
US,Colorado,Otero,18432
US,Colorado,Ouray,4833
US,Colorado,Park,18556
US,Colorado,Phillips,4286
US,Colorado,Pitkin,17950
US,Colorado,Prowers,12164
US,Colorado,Pueblo,167529
US,Colorado,Rio Blanco,6336
US,Colorado,Rio Grande,11250
US,Colorado,Routt,25733
US,Colorado,Saguache,6843
US,Colorado,San Juan,762
US,Colorado,San Miguel,8191
US,Colorado,Sedgwick,2303
US,Colorado,Summit,31007
US,Colorado,Teller,25083
US,Colorado,Washington,4909
US,Colorado,Weld,314305
US,Colorado,Yuma,10020
US,Connecticut,Fairfield,943823
US,Connecticut,Hartford,892697
US,Connecticut,Litchfield,181111
US,Connecticut,Middlesex,162682
US,Connecticut,New Haven,857620
US,Connecticut,New London,266784
US,Connecticut,Tolland,150921
US,Connecticut,Windham,117027
US,Delaware,Kent,178550
US,Delaware,New Castle,559335
US,Delaware,Sussex,229286
US,District of Columbia,District of Columbia,702455
US,Florida,Alachua,269956
US,Florida,Baker,28355
US,Florida,Bay,185287
US,Florida,Bradford,27732
US,Florida,Brevard,596849
US,Florida,Broward,1951260
US,Florida,Calhoun,14587
US,Florida,Charlotte,184998
US,Florida,Citrus,147929
US,Florida,Clay,216072
US,Florida,Collier,378488
US,Florida,Columbia,70503
US,Florida,DeSoto,37489
US,Florida,Dixie,16700
US,Florida,Duval,950181
US,Florida,Escambia,315534
US,Florida,Flagler,112067
US,Florida,Franklin,11736
US,Florida,Gadsden,45894
US,Florida,Gilchrist,18256
US,Florida,Glades,13724
US,Florida,Gulf,16164
US,Florida,Hamilton,14310
US,Florida,Hardee,27245
US,Florida,Hendry,41556
US,Florida,Hernando,190865
US,Florida,Highlands,105424
US,Florida,Hillsborough,1436888
US,Florida,Holmes,19477
US,Florida,Indian River,157413
US,Florida,Jackson,48305
US,Florida,Jefferson,14288
US,Florida,Lafayette,8732
US,Florida,Lake,356495
US,Florida,Lee,754610
US,Florida,Leon,292502
US,Florida,Levy,40770
US,Florida,Liberty,8457
US,Florida,Madison,18529
US,Florida,Manatee,394855
US,Florida,Marion,359977
US,Florida,Martin,160912
US,Florida,Miami-Dade,2761581
US,Florida,Monroe,75027
US,Florida,Nassau,85832
US,Florida,Okaloosa,207269
US,Florida,Okeechobee,41537
US,Florida,Orange,1380645
US,Florida,Osceola,367990
US,Florida,Palm Beach,1485941
US,Florida,Pasco,539630
US,Florida,Pinellas,975280
US,Florida,Polk,708009
US,Florida,Putnam,74163
US,Florida,St. Johns,254261
US,Florida,St. Lucie,321128
US,Florida,Santa Rosa,179349
US,Florida,Sarasota,426718
US,Florida,Seminole,467832
US,Florida,Sumter,128754
US,Florida,Suwannee,44191
US,Florida,Taylor,21623
US,Florida,Union,14940
US,Florida,Volusia,547538
US,Florida,Wakulla,32461
US,Florida,Walton,71375
US,Florida,Washington,24880
US,Georgia,Appling,18507
US,Georgia,Atkinson,8297
US,Georgia,Bacon,11185
US,Georgia,Baker,3092
US,Georgia,Baldwin,44823
US,Georgia,Banks,18988
US,Georgia,Barrow,80809
US,Georgia,Bartow,106408
US,Georgia,Ben Hill,16787
US,Georgia,Berrien,19252
US,Georgia,Bibb,153095
US,Georgia,Bleckley,12838
US,Georgia,Brantley,18897
US,Georgia,Brooks,15513
US,Georgia,Bryan,38109
US,Georgia,Bulloch,77296
US,Georgia,Burke,22423
US,Georgia,Butts,24193
US,Georgia,Calhoun,6352
US,Georgia,Camden,53677
US,Georgia,Candler,10836
US,Georgia,Carroll,118121
US,Georgia,Catoosa,67420
US,Georgia,Charlton,12968
US,Georgia,Chatham,289195
US,Georgia,Chattahoochee,10684
US,Georgia,Chattooga,24790
US,Georgia,Cherokee,254149
US,Georgia,Clarke,127330
US,Georgia,Clay,2887
US,Georgia,Clayton,289615
US,Georgia,Clinch,6648
US,Georgia,Cobb,756865
US,Georgia,Coffee,43093
US,Georgia,Colquitt,45592
US,Georgia,Columbia,154291
US,Georgia,Cook,17162
US,Georgia,Coweta,145864
US,Georgia,Crawford,12318
US,Georgia,Crisp,22601
US,Georgia,Dade,16226
US,Georgia,Dawson,25083
US,Georgia,Decatur,26575
US,Georgia,DeKalb,756558
US,Georgia,Dodge,20705
US,Georgia,Dooly,13706
US,Georgia,Dougherty,91243
US,Georgia,Douglas,145331
US,Georgia,Early,10247
US,Georgia,Echols,4000
US,Georgia,Effingham,62190
US,Georgia,Elbert,19120
US,Georgia,Emanuel,22612
US,Georgia,Evans,10721
US,Georgia,Fannin,25964
US,Georgia,Fayette,113459
US,Georgia,Floyd,97927
US,Georgia,Forsyth,236612
US,Georgia,Franklin,23023
US,Georgia,Fulton,1050114
US,Georgia,Gilmer,30816
US,Georgia,Glascock,2995
US,Georgia,Glynn,85219
US,Georgia,Gordon,57685
US,Georgia,Grady,24748
US,Georgia,Greene,17698
US,Georgia,Gwinnett,927781
US,Georgia,Habersham,45388
US,Georgia,Hall,202148
US,Georgia,Hancock,8348
US,Georgia,Haralson,29533
US,Georgia,Harris,34475
US,Georgia,Hart,26099
US,Georgia,Heard,11879
US,Georgia,Henry,230220
US,Georgia,Houston,155469
US,Georgia,Irwin,9398
US,Georgia,Jackson,70422
US,Georgia,Jasper,14040
US,Georgia,Jeff Davis,15029
US,Georgia,Jefferson,15430
US,Georgia,Jenkins,8683
US,Georgia,Johnson,9708
US,Georgia,Jones,28616
US,Georgia,Lamar,19000
US,Georgia,Lanier,10340
US,Georgia,Laurens,47325
US,Georgia,Lee,29764
US,Georgia,Liberty,61497
US,Georgia,Lincoln,7915
US,Georgia,Long,18998
US,Georgia,Lowndes,116321
US,Georgia,Lumpkin,32955
US,Georgia,McDuffie,21531
US,Georgia,McIntosh,14340
US,Georgia,Macon,13143
US,Georgia,Madison,29650
US,Georgia,Marion,8351
US,Georgia,Meriwether,21068
US,Georgia,Miller,5686
US,Georgia,Mitchell,22192
US,Georgia,Monroe,27520
US,Georgia,Montgomery,9193
US,Georgia,Morgan,18853
US,Georgia,Murray,39921
US,Georgia,Muscogee,194160
US,Georgia,Newton,109541
US,Georgia,Oconee,39272
US,Georgia,Oglethorpe,15054
US,Georgia,Paulding,164044
US,Georgia,Peach,27297
US,Georgia,Pickens,31980
US,Georgia,Pierce,19389
US,Georgia,Pike,18634
US,Georgia,Polk,42470
US,Georgia,Pulaski,11069
US,Georgia,Putnam,21809
US,Georgia,Quitman,2279
US,Georgia,Rabun,16867
US,Georgia,Randolph,6833
US,Georgia,Richmond,201554
US,Georgia,Rockdale,90594
US,Georgia,Schley,5236
US,Georgia,Screven,13938
US,Georgia,Seminole,8315
US,Georgia,Spalding,66100
US,Georgia,Stephens,26035
US,Georgia,Stewart,6199
US,Georgia,Sumter,29733
US,Georgia,Talbot,6272
US,Georgia,Taliaferro,1608
US,Georgia,Tattnall,25391
US,Georgia,Taylor,8039
US,Georgia,Telfair,15876
US,Georgia,Terrell,8611
US,Georgia,Thomas,44448
US,Georgia,Tift,40571
US,Georgia,Toombs,26887
US,Georgia,Towns,11852
US,Georgia,Treutlen,6809
US,Georgia,Troup,70034
US,Georgia,Turner,7912
US,Georgia,Twiggs,8188
US,Georgia,Union,24001
US,Georgia,Upson,26215
US,Georgia,Walker,69410
US,Georgia,Walton,93503
US,Georgia,Ware,35680
US,Georgia,Warren,5251
US,Georgia,Washington,20386
US,Georgia,Wayne,29808
US,Georgia,Webster,2611
US,Georgia,Wheeler,7879
US,Georgia,White,29970
US,Georgia,Whitfield,104062
US,Georgia,Wilcox,8812
US,Georgia,Wilkes,9876
US,Georgia,Wilkinson,9036
US,Georgia,Worth,20299
US,Hawaii,Hawaii,200983
US,Hawaii,Honolulu,980080
US,Hawaii,Kalawao,88
US,Hawaii,Kauai,72133
US,Hawaii,Maui,167207
US,Idaho,Ada,469966
US,Idaho,Adams,4250
US,Idaho,Bannock,87138
US,Idaho,Bear Lake,6050
US,Idaho,Benewah,9226
US,Idaho,Bingham,46236
US,Idaho,Blaine,22601
US,Idaho,Boise,7634
US,Idaho,Bonner,44727
US,Idaho,Bonneville,116854
US,Idaho,Boundary,11948
US,Idaho,Butte,2611
US,Idaho,Camas,1127
US,Idaho,Canyon,223499
US,Idaho,Caribou,7060
US,Idaho,Cassia,23864
US,Idaho,Clark,852
US,Idaho,Clearwater,8758
US,Idaho,Custer,4280
US,Idaho,Elmore,27259
US,Idaho,Franklin,13726
US,Idaho,Fremont,13168
US,Idaho,Gem,17634
US,Idaho,Gooding,15196
US,Idaho,Idaho,16513
US,Idaho,Jefferson,29439
US,Idaho,Jerome,24015
US,Idaho,Kootenai,161505
US,Idaho,Latah,40134
US,Idaho,Lemhi,7961
US,Idaho,Lewis,3861
US,Idaho,Lincoln,5360
US,Idaho,Madison,39304
US,Idaho,Minidoka,20825
US,Idaho,Nez Perce,40408
US,Idaho,Oneida,4488
US,Idaho,Owyhee,11693
US,Idaho,Payette,23551
US,Idaho,Power,7768
US,Idaho,Shoshone,12796
US,Idaho,Teton,11640
US,Idaho,Twin Falls,86081
US,Idaho,Valley,11041
US,Idaho,Washington,10161
US,Illinois,Adams,65691
US,Illinois,Alexander,6060
US,Illinois,Bond,16630
US,Illinois,Boone,53577
US,Illinois,Brown,6556
US,Illinois,Bureau,32993
US,Illinois,Calhoun,4802
US,Illinois,Carroll,14312
US,Illinois,Cass,12260
US,Illinois,Champaign,209983
US,Illinois,Christian,32661
US,Illinois,Clark,15596
US,Illinois,Clay,13253
US,Illinois,Clinton,37639
US,Illinois,Coles,50885
US,Illinois,Cook,5180493
US,Illinois,Crawford,18807
US,Illinois,Cumberland,10808
US,Illinois,DeKalb,104143
US,Illinois,De Witt,15769
US,Illinois,Douglas,19479
US,Illinois,DuPage,928589
US,Illinois,Edgar,17360
US,Illinois,Edwards,6392
US,Illinois,Effingham,34208
US,Illinois,Fayette,21416
US,Illinois,Ford,13264
US,Illinois,Franklin,38701
US,Illinois,Fulton,34844
US,Illinois,Gallatin,5058
US,Illinois,Greene,13044
US,Illinois,Grundy,50972
US,Illinois,Hamilton,8163
US,Illinois,Hancock,17844
US,Illinois,Hardin,3910
US,Illinois,Henderson,6709
US,Illinois,Henry,49090
US,Illinois,Iroquois,27604
US,Illinois,Jackson,57419
US,Illinois,Jasper,9611
US,Illinois,Jefferson,37820
US,Illinois,Jersey,21847
US,Illinois,Jo Daviess,21366
US,Illinois,Johnson,12456
US,Illinois,Kane,534216
US,Illinois,Kankakee,110024
US,Illinois,Kendall,127915
US,Illinois,Knox,50112
US,Illinois,Lake,700832
US,Illinois,LaSalle,109430
US,Illinois,Lawrence,15765
US,Illinois,Lee,34223
US,Illinois,Livingston,35761
US,Illinois,Logan,28925
US,Illinois,McDonough,29955
US,Illinois,McHenry,308570
US,Illinois,McLean,172828
US,Illinois,Macon,104712
US,Illinois,Macoupin,45313
US,Illinois,Madison,264461
US,Illinois,Marion,37620
US,Illinois,Marshall,11534
US,Illinois,Mason,13565
US,Illinois,Massac,14080
US,Illinois,Menard,12288
US,Illinois,Mercer,15601
US,Illinois,Monroe,34335
US,Illinois,Montgomery,28601
US,Illinois,Morgan,33976
US,Illinois,Moultrie,14717
US,Illinois,Ogle,50923
US,Illinois,Peoria,180621
US,Illinois,Perry,21174
US,Illinois,Piatt,16396
US,Illinois,Pike,15611
US,Illinois,Pope,4212
US,Illinois,Pulaski,5463
US,Illinois,Putnam,5740
US,Illinois,Randolph,32106
US,Illinois,Richland,15763
US,Illinois,Rock Island,143477
US,Illinois,St. Clair,261059
US,Illinois,Saline,23906
US,Illinois,Sangamon,195348
US,Illinois,Schuyler,6907
US,Illinois,Scott,4926
US,Illinois,Shelby,21741
US,Illinois,Stark,5427
US,Illinois,Stephenson,44753
US,Illinois,Tazewell,132328
US,Illinois,Union,16841
US,Illinois,Vermilion,76806
US,Illinois,Wabash,11549
US,Illinois,Warren,17032
US,Illinois,Washington,13995
US,Illinois,Wayne,16332
US,Illinois,White,13665
US,Illinois,Whiteside,55626
US,Illinois,Will,692310
US,Illinois,Williamson,67056
US,Illinois,Winnebago,284081
US,Illinois,Woodford,38463
US,Indiana,Adams,35636
US,Indiana,Allen,375351
US,Indiana,Bartholomew,82753
US,Indiana,Benton,8653
US,Indiana,Blackford,11930
US,Indiana,Boone,66999
US,Indiana,Brown,15234
US,Indiana,Carroll,20127
US,Indiana,Cass,37955
US,Indiana,Clark,117360
US,Indiana,Clay,26170
US,Indiana,Clinton,32250
US,Indiana,Crawford,10558
US,Indiana,Daviess,33147
US,Indiana,Dearborn,49568
US,Indiana,Decatur,26794
US,Indiana,DeKalb,43226
US,Indiana,Delaware,114772
US,Indiana,Dubois,42565
US,Indiana,Elkhart,205560
US,Indiana,Fayette,23047
US,Indiana,Floyd,77781
US,Indiana,Fountain,16351
US,Indiana,Franklin,22736
US,Indiana,Fulton,20092
US,Indiana,Gibson,33452
US,Indiana,Grant,65936
US,Indiana,Greene,32006
US,Indiana,Hamilton,330086
US,Indiana,Hancock,76351
US,Indiana,Harrison,40350
US,Indiana,Hendricks,167009
US,Indiana,Henry,48271
US,Indiana,Howard,82366
US,Indiana,Huntington,36240
US,Indiana,Jackson,44111
US,Indiana,Jasper,33370
US,Indiana,Jay,20764
US,Indiana,Jefferson,32208
US,Indiana,Jennings,27611
US,Indiana,Johnson,156225
US,Indiana,Knox,36895
US,Indiana,Kosciusko,79344
US,Indiana,LaGrange,39330
US,Indiana,Lake,484411
US,Indiana,LaPorte,110007
US,Indiana,Lawrence,45668
US,Indiana,Madison,129641
US,Indiana,Marion,954670
US,Indiana,Marshall,46248
US,Indiana,Martin,10217
US,Indiana,Miami,35567
US,Indiana,Monroe,146917
US,Indiana,Montgomery,38346
US,Indiana,Morgan,70116
US,Indiana,Newton,14011
US,Indiana,Noble,47532
US,Indiana,Ohio,5844
US,Indiana,Orange,19489
US,Indiana,Owen,20845
US,Indiana,Parke,16927
US,Indiana,Perry,19102
US,Indiana,Pike,12410
US,Indiana,Porter,169594
US,Indiana,Posey,25540
US,Indiana,Pulaski,12469
US,Indiana,Putnam,37779
US,Indiana,Randolph,24851
US,Indiana,Ripley,28523
US,Indiana,Rush,16663
US,Indiana,St. Joseph,270771
US,Indiana,Scott,23878
US,Indiana,Shelby,44593
US,Indiana,Spencer,20327
US,Indiana,Starke,22935
US,Indiana,Steuben,34586
US,Indiana,Sullivan,20690
US,Indiana,Switzerland,10717
US,Indiana,Tippecanoe,193048
US,Indiana,Tipton,15128
US,Indiana,Union,7037
US,Indiana,Vanderburgh,180974
US,Indiana,Vermillion,15479
US,Indiana,Vigo,107386
US,Indiana,Wabash,31280
US,Indiana,Warren,8263
US,Indiana,Warrick,62567
US,Indiana,Washington,27943
US,Indiana,Wayne,65936
US,Indiana,Wells,28206
US,Indiana,White,24133
US,Indiana,Whitley,34074
US,Iowa,Adair,7063
US,Iowa,Adams,3645
US,Iowa,Allamakee,13832
US,Iowa,Appanoose,12437
US,Iowa,Audubon,5506
US,Iowa,Benton,25642
US,Iowa,Black Hawk,132408
US,Iowa,Boone,26346
US,Iowa,Bremer,24947
US,Iowa,Buchanan,21199
US,Iowa,Buena Vista,19874
US,Iowa,Butler,14539
US,Iowa,Calhoun,9699
US,Iowa,Carroll,20154
US,Iowa,Cass,12930
US,Iowa,Cedar,18627
US,Iowa,Cerro Gordo,42647
US,Iowa,Cherokee,11321
US,Iowa,Chickasaw,11964
US,Iowa,Clarke,9423
US,Iowa,Clay,16134
US,Iowa,Clayton,17556
US,Iowa,Clinton,46518
US,Iowa,Crawford,17158
US,Iowa,Dallas,90180
US,Iowa,Davis,9017
US,Iowa,Decatur,7890
US,Iowa,Delaware,17069
US,Iowa,Des Moines,39138
US,Iowa,Dickinson,17153
US,Iowa,Dubuque,96854
US,Iowa,Emmet,9253
US,Iowa,Fayette,19660
US,Iowa,Floyd,15761
US,Iowa,Franklin,10124
US,Iowa,Fremont,6993
US,Iowa,Greene,8981
US,Iowa,Grundy,12304
US,Iowa,Guthrie,10720
US,Iowa,Hamilton,14952
US,Iowa,Hancock,10712
US,Iowa,Hardin,16868
US,Iowa,Harrison,14134
US,Iowa,Henry,20067
US,Iowa,Howard,9187
US,Iowa,Humboldt,9547
US,Iowa,Ida,6841
US,Iowa,Iowa,16141
US,Iowa,Jackson,19432
US,Iowa,Jasper,37147
US,Iowa,Jefferson,18381
US,Iowa,Johnson,151260
US,Iowa,Jones,20744
US,Iowa,Keokuk,10225
US,Iowa,Kossuth,14908
US,Iowa,Lee,34055
US,Iowa,Linn,225909
US,Iowa,Louisa,11169
US,Iowa,Lucas,8645
US,Iowa,Lyon,11811
US,Iowa,Madison,16249
US,Iowa,Mahaska,22000
US,Iowa,Marion,33407
US,Iowa,Marshall,39981
US,Iowa,Mills,15063
US,Iowa,Mitchell,10569
US,Iowa,Monona,8679
US,Iowa,Monroe,7790
US,Iowa,Montgomery,10003
US,Iowa,Muscatine,42929
US,Iowa,O'Brien,13840
US,Iowa,Osceola,6040
US,Iowa,Page,15249
US,Iowa,Palo Alto,8929
US,Iowa,Plymouth,25095
US,Iowa,Pocahontas,6740
US,Iowa,Polk,487204
US,Iowa,Pottawattamie,93533
US,Iowa,Poweshiek,18699
US,Iowa,Ringgold,4968
US,Iowa,Sac,9719
US,Iowa,Scott,173283
US,Iowa,Shelby,11578
US,Iowa,Sioux,34909
US,Iowa,Story,98105
US,Iowa,Tama,16904
US,Iowa,Taylor,6191
US,Iowa,Union,12359
US,Iowa,Van Buren,7020
US,Iowa,Wapello,35205
US,Iowa,Warren,51056
US,Iowa,Washington,22141
US,Iowa,Wayne,6401
US,Iowa,Webster,36277
US,Iowa,Winnebago,10518
US,Iowa,Winneshiek,20029
US,Iowa,Woodbury,102539
US,Iowa,Worth,7453
US,Iowa,Wright,12690
US,Kansas,Allen,12444
US,Kansas,Anderson,7878
US,Kansas,Atchison,16193
US,Kansas,Barber,4472
US,Kansas,Barton,26111
US,Kansas,Bourbon,14653
US,Kansas,Brown,9598
US,Kansas,Butler,66765
US,Kansas,Chase,2629
US,Kansas,Chautauqua,3309
US,Kansas,Cherokee,20015
US,Kansas,Cheyenne,2660
US,Kansas,Clark,2005
US,Kansas,Clay,7997
US,Kansas,Cloud,8729
US,Kansas,Coffey,8233
US,Kansas,Comanche,1748
US,Kansas,Cowley,35218
US,Kansas,Crawford,39019
US,Kansas,Decatur,2871
US,Kansas,Dickinson,18717
US,Kansas,Doniphan,7682
US,Kansas,Douglas,121436
US,Kansas,Edwards,2849
US,Kansas,Elk,2508
US,Kansas,Ellis,28710
US,Kansas,Ellsworth,6196
US,Kansas,Finney,36611
US,Kansas,Ford,33888
US,Kansas,Franklin,25631
US,Kansas,Geary,32594
US,Kansas,Gove,2612
US,Kansas,Graham,2492
US,Kansas,Grant,7336
US,Kansas,Gray,6033
US,Kansas,Greeley,1227
US,Kansas,Greenwood,6055
US,Kansas,Hamilton,2607
US,Kansas,Harper,5506
US,Kansas,Harvey,34210
US,Kansas,Haskell,3997
US,Kansas,Hodgeman,1818
US,Kansas,Jackson,13280
US,Kansas,Jefferson,18975
US,Kansas,Jewell,2841
US,Kansas,Johnson,597555
US,Kansas,Kearny,3943
US,Kansas,Kingman,7310
US,Kansas,Kiowa,2516
US,Kansas,Labette,19964
US,Kansas,Lane,1560
US,Kansas,Leavenworth,81352
US,Kansas,Lincoln,3023
US,Kansas,Linn,9750
US,Kansas,Logan,2844
US,Kansas,Lyon,33406
US,Kansas,McPherson,28537
US,Kansas,Marion,11950
US,Kansas,Marshall,9722
US,Kansas,Meade,4146
US,Kansas,Miami,33680
US,Kansas,Mitchell,6150
US,Kansas,Montgomery,32120
US,Kansas,Morris,5521
US,Kansas,Morton,2667
US,Kansas,Nemaha,10155
US,Kansas,Neosho,15951
US,Kansas,Ness,2840
US,Kansas,Norton,5430
US,Kansas,Osage,15941
US,Kansas,Osborne,3475
US,Kansas,Ottawa,5802
US,Kansas,Pawnee,6562
US,Kansas,Phillips,5317
US,Kansas,Pottawatomie,24277
US,Kansas,Pratt,9378
US,Kansas,Rawlins,2508
US,Kansas,Reno,62342
US,Kansas,Republic,4664
US,Kansas,Rice,9531
US,Kansas,Riley,73703
US,Kansas,Rooks,5013
US,Kansas,Rush,3093
US,Kansas,Russell,6907
US,Kansas,Saline,54401
US,Kansas,Scott,4897
US,Kansas,Sedgwick,513607
US,Kansas,Seward,21780
US,Kansas,Shawnee,177499
US,Kansas,Sheridan,2533
US,Kansas,Sherman,5899
US,Kansas,Smith,3603
US,Kansas,Stafford,4178
US,Kansas,Stanton,1987
US,Kansas,Stevens,5559
US,Kansas,Sumner,22996
US,Kansas,Thomas,7711
US,Kansas,Trego,2793
US,Kansas,Wabaunsee,6899
US,Kansas,Wallace,1503
US,Kansas,Washington,5420
US,Kansas,Wichita,2105
US,Kansas,Wilson,8665
US,Kansas,Woodson,3183
US,Kansas,Wyandotte,165324
US,Kentucky,Adair,19215
US,Kentucky,Allen,21122
US,Kentucky,Anderson,22663
US,Kentucky,Ballard,7979
US,Kentucky,Barren,44176
US,Kentucky,Bath,12383
US,Kentucky,Bell,26569
US,Kentucky,Boone,131533
US,Kentucky,Bourbon,20184
US,Kentucky,Boyd,47240
US,Kentucky,Boyle,30100
US,Kentucky,Bracken,8239
US,Kentucky,Breathitt,12726
US,Kentucky,Breckinridge,20388
US,Kentucky,Bullitt,81069
US,Kentucky,Butler,12772
US,Kentucky,Caldwell,12715
US,Kentucky,Calloway,39135
US,Kentucky,Campbell,93152
US,Kentucky,Carlisle,4771
US,Kentucky,Carroll,10737
US,Kentucky,Carter,27004
US,Kentucky,Casey,15888
US,Kentucky,Christian,71671
US,Kentucky,Clark,36249
US,Kentucky,Clay,20105
US,Kentucky,Clinton,10206
US,Kentucky,Crittenden,8915
US,Kentucky,Cumberland,6659
US,Kentucky,Daviess,101104
US,Kentucky,Edmonson,12274
US,Kentucky,Elliott,7508
US,Kentucky,Estill,14198
US,Kentucky,Fayette,323780
US,Kentucky,Fleming,14432
US,Kentucky,Floyd,35845
US,Kentucky,Franklin,50815
US,Kentucky,Fulton,6120
US,Kentucky,Gallatin,8832
US,Kentucky,Garrard,17560
US,Kentucky,Grant,25121
US,Kentucky,Graves,37317
US,Kentucky,Grayson,26321
US,Kentucky,Green,11049
US,Kentucky,Greenup,35268
US,Kentucky,Hancock,8758
US,Kentucky,Hardin,110356
US,Kentucky,Harlan,26409
US,Kentucky,Harrison,18778
US,Kentucky,Hart,18906
US,Kentucky,Henderson,45591
US,Kentucky,Henry,16106
US,Kentucky,Hickman,4421
US,Kentucky,Hopkins,45068
US,Kentucky,Jackson,13442
US,Kentucky,Jefferson,770517
US,Kentucky,Jessamine,53920
US,Kentucky,Johnson,22386
US,Kentucky,Kenton,166051
US,Kentucky,Knott,15126
US,Kentucky,Knox,31304
US,Kentucky,Larue,14307
US,Kentucky,Laurel,60669
US,Kentucky,Lawrence,15571
US,Kentucky,Lee,7033
US,Kentucky,Leslie,10143
US,Kentucky,Letcher,21899
US,Kentucky,Lewis,13257
US,Kentucky,Lincoln,24644
US,Kentucky,Livingston,9242
US,Kentucky,Logan,26989
US,Kentucky,Lyon,8009
US,Kentucky,McCracken,65346
US,Kentucky,McCreary,17408
US,Kentucky,McLean,9252
US,Kentucky,Madison,92368
US,Kentucky,Magoffin,12362
US,Kentucky,Marion,19404
US,Kentucky,Marshall,31191
US,Kentucky,Martin,11323
US,Kentucky,Mason,17150
US,Kentucky,Meade,28715
US,Kentucky,Menifee,6451
US,Kentucky,Mercer,21774
US,Kentucky,Metcalfe,10030
US,Kentucky,Monroe,10718
US,Kentucky,Montgomery,28203
US,Kentucky,Morgan,13345
US,Kentucky,Muhlenberg,30774
US,Kentucky,Nelson,45851
US,Kentucky,Nicholas,7166
US,Kentucky,Ohio,24087
US,Kentucky,Oldham,66470
US,Kentucky,Owen,10880
US,Kentucky,Owsley,4472
US,Kentucky,Pendleton,14529
US,Kentucky,Perry,26092
US,Kentucky,Pike,58402
US,Kentucky,Powell,12442
US,Kentucky,Pulaski,64623
US,Kentucky,Robertson,2135
US,Kentucky,Rockcastle,16750
US,Kentucky,Rowan,24583
US,Kentucky,Russell,17821
US,Kentucky,Scott,56031
US,Kentucky,Shelby,48518
US,Kentucky,Simpson,18529
US,Kentucky,Spencer,18794
US,Kentucky,Taylor,25549
US,Kentucky,Todd,12311
US,Kentucky,Trigg,14643
US,Kentucky,Trimble,8515
US,Kentucky,Union,14505
US,Kentucky,Warren,131264
US,Kentucky,Washington,12084
US,Kentucky,Wayne,20468
US,Kentucky,Webster,13111
US,Kentucky,Whitley,36242
US,Kentucky,Wolfe,7177
US,Kentucky,Woodford,26533
US,Louisiana,Acadia,62190
US,Louisiana,Allen,25605
US,Louisiana,Ascension,124672
US,Louisiana,Assumption,22300
US,Louisiana,Avoyelles,40462
US,Louisiana,Beauregard,37253
US,Louisiana,Bienville,13308
US,Louisiana,Bossier,127185
US,Louisiana,Caddo,242922
US,Louisiana,Calcasieu,203112
US,Louisiana,Caldwell,9960
US,Louisiana,Cameron,6968
US,Louisiana,Catahoula,9608
US,Louisiana,Claiborne,15944
US,Louisiana,Concordia,19572
US,Louisiana,De Soto,27436
US,Louisiana,East Baton Rouge,440956
US,Louisiana,East Carroll,7037
US,Louisiana,East Feliciana,19305
US,Louisiana,Evangeline,33443
US,Louisiana,Franklin,20156
US,Louisiana,Grant,22482
US,Louisiana,Iberia,70941
US,Louisiana,Iberville,32721
US,Louisiana,Jackson,15902
US,Louisiana,Jefferson,434051
US,Louisiana,Jefferson Davis,31582
US,Louisiana,Lafayette,242782
US,Louisiana,Lafourche,98115
US,Louisiana,LaSalle,14917
US,Louisiana,Lincoln,47196
US,Louisiana,Livingston,139567
US,Louisiana,Madison,11161
US,Louisiana,Morehouse,25398
US,Louisiana,Natchitoches,38659
US,Louisiana,Orleans,391006
US,Louisiana,Ouachita,154475
US,Louisiana,Plaquemines,23410
US,Louisiana,Pointe Coupee,21940
US,Louisiana,Rapides,130562
US,Louisiana,Red River,8477
US,Louisiana,Richland,20192
US,Louisiana,Sabine,24032
US,Louisiana,St. Bernard,46721
US,Louisiana,St. Charles,52879
US,Louisiana,St. Helena,10262
US,Louisiana,St. James,21037
US,Louisiana,St. John the Baptist,43184
US,Louisiana,St. Landry,82764
US,Louisiana,St. Martin,53621
US,Louisiana,St. Mary,49774
US,Louisiana,St. Tammany,258111
US,Louisiana,Tangipahoa,133777
US,Louisiana,Tensas,4462
US,Louisiana,Terrebonne,111021
US,Louisiana,Union,22330
US,Louisiana,Vermilion,59830
US,Louisiana,Vernon,48860
US,Louisiana,Washington,46582
US,Louisiana,Webster,38798
US,Louisiana,West Baton Rouge,26427
US,Louisiana,West Carroll,10982
US,Louisiana,West Feliciana,15460
US,Louisiana,Winn,14134
US,Maine,Androscoggin,107679
US,Maine,Aroostook,67111
US,Maine,Cumberland,293557
US,Maine,Franklin,29897
US,Maine,Hancock,54811
US,Maine,Kennebec,122083
US,Maine,Knox,39771
US,Maine,Lincoln,34342
US,Maine,Oxford,57618
US,Maine,Penobscot,151096
US,Maine,Piscataquis,16800
US,Maine,Sagadahoc,35634
US,Maine,Somerset,50592
US,Maine,Waldo,39694
US,Maine,Washington,31490
US,Maine,York,206229
US,Maryland,Allegany,70975
US,Maryland,Anne Arundel,576031
US,Maryland,Baltimore,828431
US,Maryland,Baltimore City,621342
US,Maryland,Calvert,92003
US,Maryland,Caroline,33304
US,Maryland,Carroll,168429
US,Maryland,Cecil,102826
US,Maryland,Charles,161503
US,Maryland,Dorchester,31998
US,Maryland,Frederick,255648
US,Maryland,Garrett,29163
US,Maryland,Harford,253956
US,Maryland,Howard,323196
US,Maryland,Kent,19383
US,Maryland,Montgomery,1052567
US,Maryland,Prince George's,909308
US,Maryland,Queen Anne's,50251
US,Maryland,St. Mary's,112664
US,Maryland,Somerset,25675
US,Maryland,Talbot,36968
US,Maryland,Washington,150926
US,Maryland,Wicomico,103195
US,Maryland,Worcester,51823
US,Maryland,Baltimore city,602495
US,Massachusetts,Barnstable,213413
US,Massachusetts,Berkshire,126348
US,Massachusetts,Bristol,564022
US,Massachusetts,Dukes and Nantucket,26707
US,Massachusetts,Essex,790638
US,Massachusetts,Franklin,70963
US,Massachusetts,Hampden,470406
US,Massachusetts,Hampshire,161355
US,Massachusetts,Middlesex,1614714
US,Massachusetts,Norfolk,705388
US,Massachusetts,Plymouth,518132
US,Massachusetts,Suffolk,807252
US,Massachusetts,Worcester,830839
US,Michigan,Alcona,10362
US,Michigan,Alger,9097
US,Michigan,Allegan,117327
US,Michigan,Alpena,28360
US,Michigan,Antrim,23365
US,Michigan,Arenac,15041
US,Michigan,Baraga,8320
US,Michigan,Barry,61157
US,Michigan,Bay,103923
US,Michigan,Benzie,17753
US,Michigan,Berrien,154141
US,Michigan,Branch,43622
US,Michigan,Calhoun,134487
US,Michigan,Cass,51653
US,Michigan,Charlevoix,26244
US,Michigan,Cheboygan,25413
US,Michigan,Chippewa,37517
US,Michigan,Clare,30757
US,Michigan,Clinton,79332
US,Michigan,Crawford,13901
US,Michigan,Delta,35857
US,Michigan,Dickinson,25383
US,Michigan,Eaton,109826
US,Michigan,Emmet,33308
US,Michigan,Genesee,406892
US,Michigan,Gladwin,25337
US,Michigan,Gogebic,15096
US,Michigan,Grand Traverse,92573
US,Michigan,Gratiot,40599
US,Michigan,Hillsdale,45749
US,Michigan,Houghton,36219
US,Michigan,Huron,31166
US,Michigan,Ingham,292735
US,Michigan,Ionia,64210
US,Michigan,Iosco,25081
US,Michigan,Iron,11117
US,Michigan,Isabella,70562
US,Michigan,Jackson,158823
US,Michigan,Kalamazoo,264870
US,Michigan,Kalkaska,17824
US,Michigan,Kent,653786
US,Michigan,Keweenaw,2113
US,Michigan,Lake,11881
US,Michigan,Lapeer,88028
US,Michigan,Leelanau,21764
US,Michigan,Lenawee,98266
US,Michigan,Livingston,191224
US,Michigan,Luce,6283
US,Michigan,Mackinac,10787
US,Michigan,Macomb,874759
US,Michigan,Manistee,24528
US,Michigan,Marquette,66516
US,Michigan,Mason,29100
US,Michigan,Mecosta,43545
US,Michigan,Menominee,22983
US,Michigan,Midland,83209
US,Michigan,Missaukee,15113
US,Michigan,Monroe,150439
US,Michigan,Montcalm,63968
US,Michigan,Montmorency,9265
US,Michigan,Muskegon,173588
US,Michigan,Newaygo,48892
US,Michigan,Oakland,1259201
US,Michigan,Oceana,26625
US,Michigan,Ogemaw,20952
US,Michigan,Ontonagon,5795
US,Michigan,Osceola,23341
US,Michigan,Oscoda,8276
US,Michigan,Otsego,24665
US,Michigan,Ottawa,290494
US,Michigan,Presque Isle,12738
US,Michigan,Roscommon,23884
US,Michigan,Saginaw,190800
US,Michigan,St. Clair,159337
US,Michigan,St. Joseph,61043
US,Michigan,Sanilac,41182
US,Michigan,Schoolcraft,8068
US,Michigan,Shiawassee,68192
US,Michigan,Tuscola,52516
US,Michigan,Van Buren,75448
US,Michigan,Washtenaw,370963
US,Michigan,Wayne,1753893
US,Michigan,Wexford,33466
US,Minnesota,Aitkin,15902
US,Minnesota,Anoka,353813
US,Minnesota,Becker,34371
US,Minnesota,Beltrami,46847
US,Minnesota,Benton,40545
US,Minnesota,Big Stone,4989
US,Minnesota,Blue Earth,67427
US,Minnesota,Brown,25111
US,Minnesota,Carlton,35837
US,Minnesota,Carver,103551
US,Minnesota,Cass,29519
US,Minnesota,Chippewa,11924
US,Minnesota,Chisago,55922
US,Minnesota,Clay,63955
US,Minnesota,Clearwater,8810
US,Minnesota,Cook,5393
US,Minnesota,Cottonwood,11277
US,Minnesota,Crow Wing,64889
US,Minnesota,Dakota,425423
US,Minnesota,Dodge,20822
US,Minnesota,Douglas,37964
US,Minnesota,Faribault,13758
US,Minnesota,Fillmore,21058
US,Minnesota,Freeborn,30444
US,Minnesota,Goodhue,46403
US,Minnesota,Grant,6021
US,Minnesota,Hennepin,1259428
US,Minnesota,Houston,18578
US,Minnesota,Hubbard,21332
US,Minnesota,Isanti,39966
US,Minnesota,Itasca,45108
US,Minnesota,Jackson,9911
US,Minnesota,Kanabec,16207
US,Minnesota,Kandiyohi,42855
US,Minnesota,Kittson,4248
US,Minnesota,Koochiching,12440
US,Minnesota,Lac qui Parle,6658
US,Minnesota,Lake,10658
US,Minnesota,Lake of the Woods,3758
US,Minnesota,Le Sueur,28494
US,Minnesota,Lincoln,5673
US,Minnesota,Lyon,25629
US,Minnesota,McLeod,35873
US,Minnesota,Mahnomen,5519
US,Minnesota,Marshall,9390
US,Minnesota,Martin,19785
US,Minnesota,Meeker,23141
US,Minnesota,Mille Lacs,26139
US,Minnesota,Morrison,33169
US,Minnesota,Mower,40011
US,Minnesota,Murray,8276
US,Minnesota,Nicollet,34220
US,Minnesota,Nobles,21924
US,Minnesota,Norman,6475
US,Minnesota,Olmsted,156277
US,Minnesota,Otter Tail,58812
US,Minnesota,Pennington,14178
US,Minnesota,Pine,29483
US,Minnesota,Pipestone,9047
US,Minnesota,Polk,31529
US,Minnesota,Pope,11097
US,Minnesota,Ramsey,550210
US,Minnesota,Red Lake,3999
US,Minnesota,Redwood,15249
US,Minnesota,Renville,14612
US,Minnesota,Rice,66523
US,Minnesota,Rock,9414
US,Minnesota,Roseau,15150
US,Minnesota,St. Louis,199754
US,Minnesota,Scott,147381
US,Minnesota,Sherburne,96036
US,Minnesota,Sibley,15028
US,Minnesota,Stearns,159256
US,Minnesota,Steele,36803
US,Minnesota,Stevens,9753
US,Minnesota,Swift,9345
US,Minnesota,Todd,24582
US,Minnesota,Traverse,3308
US,Minnesota,Wabasha,21645
US,Minnesota,Wadena,13773
US,Minnesota,Waseca,18691
US,Minnesota,Washington,259201
US,Minnesota,Watonwan,10980
US,Minnesota,Wilkin,6254
US,Minnesota,Winona,50825
US,Minnesota,Wright,136349
US,Minnesota,Yellow Medicine,9795
US,Mississippi,Adams,31192
US,Mississippi,Alcorn,36925
US,Mississippi,Amite,12326
US,Mississippi,Attala,18365
US,Mississippi,Benton,8271
US,Mississippi,Bolivar,31333
US,Mississippi,Calhoun,14436
US,Mississippi,Carroll,9911
US,Mississippi,Chickasaw,17171
US,Mississippi,Choctaw,8278
US,Mississippi,Claiborne,9002
US,Mississippi,Clarke,15604
US,Mississippi,Clay,19386
US,Mississippi,Coahoma,22628
US,Mississippi,Copiah,28543
US,Mississippi,Covington,18853
US,Mississippi,DeSoto,182001
US,Mississippi,Forrest,75036
US,Mississippi,Franklin,7788
US,Mississippi,George,24250
US,Mississippi,Greene,13586
US,Mississippi,Grenada,21055
US,Mississippi,Hancock,47334
US,Mississippi,Harrison,206650
US,Mississippi,Hinds,237085
US,Mississippi,Holmes,17622
US,Mississippi,Humphreys,8257
US,Mississippi,Issaquena,1308
US,Mississippi,Itawamba,23517
US,Mississippi,Jackson,143277
US,Mississippi,Jasper,16428
US,Mississippi,Jefferson,7106
US,Mississippi,Jefferson Davis,11234
US,Mississippi,Jones,68461
US,Mississippi,Kemper,10027
US,Mississippi,Lafayette,54793
US,Mississippi,Lamar,62447
US,Mississippi,Lauderdale,75317
US,Mississippi,Lawrence,12455
US,Mississippi,Leake,22763
US,Mississippi,Lee,85202
US,Mississippi,Leflore,28919
US,Mississippi,Lincoln,34205
US,Mississippi,Lowndes,58930
US,Mississippi,Madison,105630
US,Mississippi,Marion,24715
US,Mississippi,Marshall,35451
US,Mississippi,Monroe,35564
US,Mississippi,Montgomery,10023
US,Mississippi,Neshoba,29125
US,Mississippi,Newton,21443
US,Mississippi,Noxubee,10535
US,Mississippi,Oktibbeha,49599
US,Mississippi,Panola,34178
US,Mississippi,Pearl River,55387
US,Mississippi,Perry,11931
US,Mississippi,Pike,39563
US,Mississippi,Pontotoc,31833
US,Mississippi,Prentiss,25315
US,Mississippi,Quitman,7051
US,Mississippi,Rankin,153902
US,Mississippi,Scott,28287
US,Mississippi,Sharkey,4377
US,Mississippi,Simpson,26758
US,Mississippi,Smith,16002
US,Mississippi,Stone,18717
US,Mississippi,Sunflower,25735
US,Mississippi,Tallahatchie,13987
US,Mississippi,Tate,28759
US,Mississippi,Tippah,21995
US,Mississippi,Tishomingo,19454
US,Mississippi,Tunica,9944
US,Mississippi,Union,28606
US,Mississippi,Walthall,14465
US,Mississippi,Warren,46176
US,Mississippi,Washington,45063
US,Mississippi,Wayne,20298
US,Mississippi,Webster,9788
US,Mississippi,Wilkinson,8792
US,Mississippi,Winston,18165
US,Mississippi,Yalobusha,12392
US,Mississippi,Yazoo,28248
US,Missouri,Adair,25339
US,Missouri,Andrew,17607
US,Missouri,Atchison,5171
US,Missouri,Audrain,25473
US,Missouri,Barry,35886
US,Missouri,Barton,11798
US,Missouri,Bates,16320
US,Missouri,Benton,19278
US,Missouri,Bollinger,12169
US,Missouri,Boone,180005
US,Missouri,Buchanan,88571
US,Missouri,Butler,42639
US,Missouri,Caldwell,9108
US,Missouri,Callaway,44889
US,Missouri,Camden,45815
US,Missouri,Cape Girardeau,78753
US,Missouri,Carroll,8743
US,Missouri,Carter,6054
US,Missouri,Cass,104954
US,Missouri,Cedar,14165
US,Missouri,Chariton,7451
US,Missouri,Christian,86983
US,Missouri,Clark,6842
US,Missouri,Clay,246365
US,Missouri,Clinton,20470
US,Missouri,Cole,76796
US,Missouri,Cooper,17603
US,Missouri,Crawford,23957
US,Missouri,Dade,7569
US,Missouri,Dallas,16762
US,Missouri,Daviess,8313
US,Missouri,DeKalb,12630
US,Missouri,Dent,15441
US,Missouri,Douglas,13373
US,Missouri,Dunklin,29423
US,Missouri,Franklin,103670
US,Missouri,Gasconade,14705
US,Missouri,Gentry,6628
US,Missouri,Greene,291923
US,Missouri,Grundy,9914
US,Missouri,Harrison,8414
US,Missouri,Henry,21792
US,Missouri,Hickory,9509
US,Missouri,Holt,4404
US,Missouri,Howard,10137
US,Missouri,Howell,40076
US,Missouri,Iron,10177
US,Missouri,Jackson,700307
US,Missouri,Jasper,120636
US,Missouri,Jefferson,224347
US,Missouri,Johnson,53652
US,Missouri,Kansas City,491918
US,Missouri,Knox,3947
US,Missouri,Laclede,35713
US,Missouri,Lafayette,32598
US,Missouri,Lawrence,38359
US,Missouri,Lewis,9855
US,Missouri,Lincoln,57686
US,Missouri,Linn,12037
US,Missouri,Livingston,15146
US,Missouri,McDonald,23078
US,Missouri,Macon,15153
US,Missouri,Madison,12188
US,Missouri,Maries,8769
US,Missouri,Marion,28592
US,Missouri,Mercer,3641
US,Missouri,Miller,25336
US,Missouri,Mississippi,13336
US,Missouri,Moniteau,16121
US,Missouri,Monroe,8664
US,Missouri,Montgomery,11534
US,Missouri,Morgan,20358
US,Missouri,New Madrid,17296
US,Missouri,Newton,58266
US,Missouri,Nodaway,22304
US,Missouri,Oregon,10541
US,Missouri,Osage,13714
US,Missouri,Ozark,9017
US,Missouri,Pemiscot,16272
US,Missouri,Perry,19150
US,Missouri,Pettis,42542
US,Missouri,Phelps,44732
US,Missouri,Pike,18504
US,Missouri,Platte,102985
US,Missouri,Polk,32201
US,Missouri,Pulaski,52014
US,Missouri,Putnam,4757
US,Missouri,Ralls,10212
US,Missouri,Randolph,24763
US,Missouri,Ray,22883
US,Missouri,Reynolds,6254
US,Missouri,Ripley,13401
US,Missouri,St. Charles,399182
US,Missouri,St. Clair,9395
US,Missouri,Ste. Genevieve,17888
US,Missouri,St. Francois,66692
US,Missouri,St. Louis,996945
US,Missouri,Saline,22895
US,Missouri,Schuyler,4599
US,Missouri,Scotland,4966
US,Missouri,Scott,38458
US,Missouri,Shannon,8189
US,Missouri,Shelby,6050
US,Missouri,Stoddard,29206
US,Missouri,Stone,31749
US,Missouri,Sullivan,6221
US,Missouri,Taney,55852
US,Missouri,Texas,25571
US,Missouri,Vernon,20528
US,Missouri,Warren,34711
US,Missouri,Washington,24943
US,Missouri,Wayne,13122
US,Missouri,Webster,39109
US,Missouri,Worth,2040
US,Missouri,Wright,18378
US,Missouri,St. Louis City,302838
US,Montana,Beaverhead,9404
US,Montana,Big Horn,13338
US,Montana,Blaine,6807
US,Montana,Broadwater,6085
US,Montana,Carbon,10714
US,Montana,Carter,1238
US,Montana,Cascade,81643
US,Montana,Chouteau,5745
US,Montana,Custer,11586
US,Montana,Daniels,1747
US,Montana,Dawson,8680
US,Montana,Deer Lodge,9131
US,Montana,Fallon,2920
US,Montana,Fergus,11113
US,Montana,Flathead,102106
US,Montana,Gallatin,111876
US,Montana,Garfield,1268
US,Montana,Glacier,13747
US,Montana,Golden Valley,826
US,Montana,Granite,3378
US,Montana,Hill,16347
US,Montana,Jefferson,12097
US,Montana,Judith Basin,1952
US,Montana,Lake,30250
US,Montana,Lewis and Clark,68700
US,Montana,Liberty,2430
US,Montana,Lincoln,19794
US,Montana,McCone,1675
US,Montana,Madison,8768
US,Montana,Meagher,1866
US,Montana,Mineral,4316
US,Montana,Missoula,118791
US,Montana,Musselshell,4651
US,Montana,Park,16736
US,Montana,Petroleum,513
US,Montana,Phillips,4074
US,Montana,Pondera,5972
US,Montana,Powder River,1716
US,Montana,Powell,6968
US,Montana,Prairie,1087
US,Montana,Ravalli,43172
US,Montana,Richland,10913
US,Montana,Roosevelt,11059
US,Montana,Rosebud,9063
US,Montana,Sanders,11844
US,Montana,Sheridan,3424
US,Montana,Silver Bow,34993
US,Montana,Stillwater,9534
US,Montana,Sweet Grass,3710
US,Montana,Teton,6162
US,Montana,Toole,4853
US,Montana,Treasure,679
US,Montana,Valley,7437
US,Montana,Wheatland,2236
US,Montana,Wibaux,1034
US,Montana,Yellowstone,160137
US,Nebraska,Adams,31511
US,Nebraska,Antelope,6336
US,Nebraska,Arthur,465
US,Nebraska,Banner,730
US,Nebraska,Blaine,476
US,Nebraska,Boone,5239
US,Nebraska,Box Butte,10772
US,Nebraska,Boyd,1955
US,Nebraska,Brown,2973
US,Nebraska,Buffalo,49615
US,Nebraska,Burt,6488
US,Nebraska,Butler,8058
US,Nebraska,Cass,26159
US,Nebraska,Cedar,8446
US,Nebraska,Chase,3977
US,Nebraska,Cherry,5761
US,Nebraska,Cheyenne,9310
US,Nebraska,Clay,6214
US,Nebraska,Colfax,10881
US,Nebraska,Cuming,8940
US,Nebraska,Custer,10840
US,Nebraska,Dakota,20083
US,Nebraska,Dawes,8716
US,Nebraska,Dawson,23709
US,Nebraska,Deuel,1825
US,Nebraska,Dixon,5709
US,Nebraska,Dodge,36791
US,Nebraska,Douglas,566880
US,Nebraska,Dundy,1770
US,Nebraska,Fillmore,5527
US,Nebraska,Franklin,3023
US,Nebraska,Frontier,2608
US,Nebraska,Furnas,4715
US,Nebraska,Gage,21493
US,Nebraska,Garden,1897
US,Nebraska,Garfield,1987
US,Nebraska,Gosper,1996
US,Nebraska,Grant,660
US,Nebraska,Greeley,2356
US,Nebraska,Hall,61607
US,Nebraska,Hamilton,9280
US,Nebraska,Harlan,3401
US,Nebraska,Hayes,916
US,Nebraska,Hitchcock,2806
US,Nebraska,Holt,10178
US,Nebraska,Hooker,682
US,Nebraska,Howard,6468
US,Nebraska,Jefferson,7097
US,Nebraska,Johnson,5134
US,Nebraska,Kearney,6544
US,Nebraska,Keith,8021
US,Nebraska,Keya Paha,810
US,Nebraska,Kimball,3618
US,Nebraska,Knox,8419
US,Nebraska,Lancaster,317272
US,Nebraska,Lincoln,35185
US,Nebraska,Logan,749
US,Nebraska,Loup,618
US,Nebraska,McPherson,492
US,Nebraska,Madison,35392
US,Nebraska,Merrick,7733
US,Nebraska,Morrill,4686
US,Nebraska,Nance,3532
US,Nebraska,Nemaha,6958
US,Nebraska,Nuckolls,4195
US,Nebraska,Otoe,15985
US,Nebraska,Pawnee,2632
US,Nebraska,Perkins,2929
US,Nebraska,Phelps,8996
US,Nebraska,Pierce,7142
US,Nebraska,Platte,33363
US,Nebraska,Polk,5278
US,Nebraska,Red Willow,10726
US,Nebraska,Richardson,7937
US,Nebraska,Rock,1360
US,Nebraska,Saline,14350
US,Nebraska,Sarpy,184459
US,Nebraska,Saunders,21303
US,Nebraska,Scotts Bluff,35989
US,Nebraska,Seward,17318
US,Nebraska,Sheridan,5190
US,Nebraska,Sherman,3038
US,Nebraska,Sioux,1187
US,Nebraska,Stanton,5970
US,Nebraska,Thayer,5039
US,Nebraska,Thomas,720
US,Nebraska,Thurston,7303
US,Nebraska,Valley,4190
US,Nebraska,Washington,20667
US,Nebraska,Wayne,9403
US,Nebraska,Webster,3533
US,Nebraska,Wheeler,805
US,Nebraska,York,13772
US,Nevada,Churchill,24440
US,Nevada,Clark,2231647
US,Nevada,Douglas,48467
US,Nevada,Elko,52460
US,Nevada,Esmeralda,826
US,Nevada,Eureka,2003
US,Nevada,Humboldt,16786
US,Nevada,Lander,5575
US,Nevada,Lincoln,5201
US,Nevada,Lyon,55808
US,Nevada,Mineral,4514
US,Nevada,Nye,45346
US,Nevada,Pershing,6666
US,Nevada,Storey,4029
US,Nevada,Washoe,465735
US,Nevada,White Pine,9475
US,Nevada,Carson City,55414
US,New Hampshire,Belknap,61022
US,New Hampshire,Carroll,48779
US,New Hampshire,Cheshire,76493
US,New Hampshire,Coos,31589
US,New Hampshire,Grafton,89786
US,New Hampshire,Hillsborough,415247
US,New Hampshire,Merrimack,151132
US,New Hampshire,Rockingham,309176
US,New Hampshire,Strafford,130090
US,New Hampshire,Sullivan,43144
US,New Jersey,Atlantic,265429
US,New Jersey,Bergen,936692
US,New Jersey,Burlington,445384
US,New Jersey,Camden,507078
US,New Jersey,Cape May,92560
US,New Jersey,Cumberland,150972
US,New Jersey,Essex,799767
US,New Jersey,Gloucester,291408
US,New Jersey,Hudson,676061
US,New Jersey,Hunterdon,124714
US,New Jersey,Mercer,369811
US,New Jersey,Middlesex,829685
US,New Jersey,Monmouth,621354
US,New Jersey,Morris,494228
US,New Jersey,Ocean,601651
US,New Jersey,Passaic,503310
US,New Jersey,Salem,62607
US,New Jersey,Somerset,331164
US,New Jersey,Sussex,140799
US,New Jersey,Union,558067
US,New Jersey,Warren,105779
US,New Mexico,Bernalillo,678701
US,New Mexico,Catron,3578
US,New Mexico,Chaves,64689
US,New Mexico,Cibola,26746
US,New Mexico,Colfax,12110
US,New Mexico,Curry,49437
US,New Mexico,De Baca,1781
US,New Mexico,Dona Ana,217522
US,New Mexico,Eddy,57900
US,New Mexico,Grant,27346
US,New Mexico,Guadalupe,4341
US,New Mexico,Harding,655
US,New Mexico,Hidalgo,4240
US,New Mexico,Lea,69611
US,New Mexico,Lincoln,19556
US,New Mexico,Los Alamos,19101
US,New Mexico,Luna,23963
US,New Mexico,McKinley,72290
US,New Mexico,Mora,4506
US,New Mexico,Otero,66781
US,New Mexico,Quay,8253
US,New Mexico,Rio Arriba,39006
US,New Mexico,Roosevelt,18743
US,New Mexico,Sandoval,145179
US,New Mexico,San Juan,125043
US,New Mexico,San Miguel,27591
US,New Mexico,Santa Fe,150056
US,New Mexico,Sierra,10968
US,New Mexico,Socorro,16735
US,New Mexico,Taos,32835
US,New Mexico,Torrance,15591
US,New Mexico,Union,4118
US,New Mexico,Valencia,76456
US,New York,Albany,307117
US,New York,Allegany,46430
US,New York,Bronx,1432132
US,New York,Broome,191659
US,New York,Cattaraugus,76840
US,New York,Cayuga,77145
US,New York,Chautauqua,127939
US,New York,Chemung,84254
US,New York,Chenango,47536
US,New York,Clinton,80695
US,New York,Columbia,59916
US,New York,Cortland,47823
US,New York,Delaware,44527
US,New York,Dutchess,293718
US,New York,Erie,919719
US,New York,Essex,37300
US,New York,Franklin,50293
US,New York,Fulton,53591
US,New York,Genesee,57511
US,New York,Greene,47491
US,New York,Hamilton,4434
US,New York,Herkimer,61833
US,New York,Jefferson,111755
US,New York,Kings,2582830
US,New York,Lewis,26447
US,New York,Livingston,63227
US,New York,Madison,70795
US,New York,Monroe,742474
US,New York,Montgomery,49455
US,New York,Nassau,1358343
US,New York,New York City,1628701
US,New York,Niagara,210433
US,New York,Oneida,229577
US,New York,Onondaga,461809
US,New York,Ontario,109864
US,New York,Orange,381951
US,New York,Orleans,40612
US,New York,Oswego,117898
US,New York,Otsego,59749
US,New York,Putnam,98892
US,New York,Queens,2278906
US,New York,Rensselaer,159442
US,New York,Richmond,476179
US,New York,Rockland,325695
US,New York,St. Lawrence,108047
US,New York,Saratoga,230163
US,New York,Schenectady,155350
US,New York,Schoharie,31097
US,New York,Schuyler,17912
US,New York,Seneca,34300
US,New York,Steuben,95796
US,New York,Suffolk,1481093
US,New York,Sullivan,75498
US,New York,Tioga,48560
US,New York,Tompkins,102793
US,New York,Ulster,178599
US,New York,Warren,64265
US,New York,Washington,61197
US,New York,Wayne,90064
US,New York,Westchester,967612
US,New York,Wyoming,40085
US,New York,Yates,24841
US,North Carolina,Alamance,166436
US,North Carolina,Alexander,37353
US,North Carolina,Alleghany,11161
US,North Carolina,Anson,24877
US,North Carolina,Ashe,27109
US,North Carolina,Avery,17505
US,North Carolina,Beaufort,47079
US,North Carolina,Bertie,19026
US,North Carolina,Bladen,33190
US,North Carolina,Brunswick,136744
US,North Carolina,Buncombe,259103
US,North Carolina,Burke,90382
US,North Carolina,Cabarrus,211342
US,North Carolina,Caldwell,82029
US,North Carolina,Camden,10710
US,North Carolina,Carteret,69524
US,North Carolina,Caswell,22698
US,North Carolina,Catawba,158652
US,North Carolina,Chatham,73139
US,North Carolina,Cherokee,28383
US,North Carolina,Chowan,14029
US,North Carolina,Clay,11139
US,North Carolina,Cleveland,97645
US,North Carolina,Columbus,55655
US,North Carolina,Craven,102912
US,North Carolina,Cumberland,332330
US,North Carolina,Currituck,27072
US,North Carolina,Dare,36501
US,North Carolina,Davidson,166614
US,North Carolina,Davie,42733
US,North Carolina,Duplin,58856
US,North Carolina,Durham,316739
US,North Carolina,Edgecombe,52005
US,North Carolina,Forsyth,379099
US,North Carolina,Franklin,67560
US,North Carolina,Gaston,222846
US,North Carolina,Gates,11573
US,North Carolina,Graham,8484
US,North Carolina,Granville,60115
US,North Carolina,Greene,21012
US,North Carolina,Guilford,533670
US,North Carolina,Halifax,50574
US,North Carolina,Harnett,134214
US,North Carolina,Haywood,61971
US,North Carolina,Henderson,116748
US,North Carolina,Hertford,23659
US,North Carolina,Hoke,54764
US,North Carolina,Hyde,5230
US,North Carolina,Iredell,178435
US,North Carolina,Jackson,43327
US,North Carolina,Johnston,202675
US,North Carolina,Jones,9637
US,North Carolina,Lee,61452
US,North Carolina,Lenoir,55976
US,North Carolina,Lincoln,83770
US,North Carolina,McDowell,45507
US,North Carolina,Macon,35285
US,North Carolina,Madison,21763
US,North Carolina,Martin,22671
US,North Carolina,Mecklenburg,1093901
US,North Carolina,Mitchell,15000
US,North Carolina,Montgomery,27271
US,North Carolina,Moore,98682
US,North Carolina,Nash,94016
US,North Carolina,New Hanover,232274
US,North Carolina,Northampton,19676
US,North Carolina,Onslow,197683
US,North Carolina,Orange,146027
US,North Carolina,Pamlico,12670
US,North Carolina,Pasquotank,39639
US,North Carolina,Pender,62162
US,North Carolina,Perquimans,13422
US,North Carolina,Person,39507
US,North Carolina,Pitt,179914
US,North Carolina,Polk,20611
US,North Carolina,Randolph,143351
US,North Carolina,Richmond,44887
US,North Carolina,Robeson,131831
US,North Carolina,Rockingham,90690
US,North Carolina,Rowan,141262
US,North Carolina,Rutherford,66826
US,North Carolina,Sampson,63626
US,North Carolina,Scotland,34810
US,North Carolina,Stanly,62075
US,North Carolina,Stokes,45467
US,North Carolina,Surry,71948
US,North Carolina,Swain,14245
US,North Carolina,Transylvania,34215
US,North Carolina,Tyrrell,4131
US,North Carolina,Union,235908
US,North Carolina,Vance,44582
US,North Carolina,Wake,1092305
US,North Carolina,Warren,19807
US,North Carolina,Washington,11859
US,North Carolina,Watauga,55945
US,North Carolina,Wayne,123248
US,North Carolina,Wilkes,68557
US,North Carolina,Wilson,81455
US,North Carolina,Yadkin,37543
US,North Carolina,Yancey,17903
US,North Dakota,Adams,2294
US,North Dakota,Barnes,10542
US,North Dakota,Benson,6962
US,North Dakota,Billings,919
US,North Dakota,Bottineau,6411
US,North Dakota,Bowman,3076
US,North Dakota,Burke,2100
US,North Dakota,Burleigh,95273
US,North Dakota,Cass,181516
US,North Dakota,Cavalier,3829
US,North Dakota,Dickey,4903
US,North Dakota,Divide,2283
US,North Dakota,Dunn,4332
US,North Dakota,Eddy,2313
US,North Dakota,Emmons,3295
US,North Dakota,Foster,3216
US,North Dakota,Golden Valley,1769
US,North Dakota,Grand Forks,70770
US,North Dakota,Grant,2374
US,North Dakota,Griggs,2232
US,North Dakota,Hettinger,2514
US,North Dakota,Kidder,2450
US,North Dakota,LaMoure,4062
US,North Dakota,Logan,1903
US,North Dakota,McHenry,5816
US,North Dakota,McIntosh,2585
US,North Dakota,McKenzie,13632
US,North Dakota,McLean,9541
US,North Dakota,Mercer,8267
US,North Dakota,Morton,31095
US,North Dakota,Mountrail,10218
US,North Dakota,Nelson,2869
US,North Dakota,Oliver,1952
US,North Dakota,Pembina,6947
US,North Dakota,Pierce,4081
US,North Dakota,Ramsey,11481
US,North Dakota,Ransom,5237
US,North Dakota,Renville,2374
US,North Dakota,Richland,16239
US,North Dakota,Rolette,14301
US,North Dakota,Sargent,3870
US,North Dakota,Sheridan,1349
US,North Dakota,Sioux,4358
US,North Dakota,Slope,763
US,North Dakota,Stark,30997
US,North Dakota,Steele,1903
US,North Dakota,Stutsman,20917
US,North Dakota,Towner,2192
US,North Dakota,Traill,8037
US,North Dakota,Walsh,10667
US,North Dakota,Ward,67744
US,North Dakota,Wells,3957
US,North Dakota,Williams,35350
US,Ohio,Adams,27724
US,Ohio,Allen,102663
US,Ohio,Ashland,53745
US,Ohio,Ashtabula,97493
US,Ohio,Athens,65818
US,Ohio,Auglaize,45804
US,Ohio,Belmont,67505
US,Ohio,Brown,43602
US,Ohio,Butler,382378
US,Ohio,Carroll,27081
US,Ohio,Champaign,38754
US,Ohio,Clark,134585
US,Ohio,Clermont,205466
US,Ohio,Clinton,42057
US,Ohio,Columbiana,102665
US,Ohio,Coshocton,36629
US,Ohio,Crawford,41550
US,Ohio,Cuyahoga,1243857
US,Ohio,Darke,51323
US,Ohio,Defiance,38165
US,Ohio,Delaware,204826
US,Ohio,Erie,74615
US,Ohio,Fairfield,155782
US,Ohio,Fayette,28666
US,Ohio,Franklin,1310300
US,Ohio,Fulton,42276
US,Ohio,Gallia,29979
US,Ohio,Geauga,94031
US,Ohio,Greene,167995
US,Ohio,Guernsey,39022
US,Ohio,Hamilton,816684
US,Ohio,Hancock,75930
US,Ohio,Hardin,31480
US,Ohio,Harrison,15174
US,Ohio,Henry,27086
US,Ohio,Highland,43058
US,Ohio,Hocking,28385
US,Ohio,Holmes,43892
US,Ohio,Huron,58504
US,Ohio,Jackson,32384
US,Ohio,Jefferson,65767
US,Ohio,Knox,61893
US,Ohio,Lake,230514
US,Ohio,Lawrence,59866
US,Ohio,Licking,175769
US,Ohio,Logan,45358
US,Ohio,Lorain,309461
US,Ohio,Lucas,429899
US,Ohio,Madison,44413
US,Ohio,Mahoning,229642
US,Ohio,Marion,65256
US,Ohio,Medina,179146
US,Ohio,Meigs,23106
US,Ohio,Mercer,40959
US,Ohio,Miami,106222
US,Ohio,Monroe,13790
US,Ohio,Montgomery,532331
US,Ohio,Morgan,14604
US,Ohio,Morrow,35112
US,Ohio,Muskingum,86183
US,Ohio,Noble,14354
US,Ohio,Ottawa,40769
US,Ohio,Paulding,18760
US,Ohio,Perry,36033
US,Ohio,Pickaway,58086
US,Ohio,Pike,28067
US,Ohio,Portage,162927
US,Ohio,Preble,40997
US,Ohio,Putnam,33780
US,Ohio,Richland,121099
US,Ohio,Ross,76931
US,Ohio,Sandusky,58799
US,Ohio,Scioto,75502
US,Ohio,Seneca,55207
US,Ohio,Shelby,48627
US,Ohio,Stark,371574
US,Ohio,Summit,541918
US,Ohio,Trumbull,198627
US,Ohio,Tuscarawas,92176
US,Ohio,Union,57835
US,Ohio,Van Wert,28281
US,Ohio,Vinton,13139
US,Ohio,Warren,232173
US,Ohio,Washington,60155
US,Ohio,Wayne,115967
US,Ohio,Williams,36804
US,Ohio,Wood,130696
US,Ohio,Wyandot,21935
US,Oklahoma,Adair,22082
US,Oklahoma,Alfalfa,5754
US,Oklahoma,Atoka,13838
US,Oklahoma,Beaver,5319
US,Oklahoma,Beckham,21709
US,Oklahoma,Blaine,9485
US,Oklahoma,Bryan,47192
US,Oklahoma,Caddo,28977
US,Oklahoma,Canadian,144447
US,Oklahoma,Carter,48177
US,Oklahoma,Cherokee,48675
US,Oklahoma,Choctaw,14668
US,Oklahoma,Cimarron,2153
US,Oklahoma,Cleveland,281669
US,Oklahoma,Coal,5520
US,Oklahoma,Comanche,120422
US,Oklahoma,Cotton,5776
US,Oklahoma,Craig,14306
US,Oklahoma,Creek,71604
US,Oklahoma,Custer,29036
US,Oklahoma,Delaware,42733
US,Oklahoma,Dewey,4894
US,Oklahoma,Ellis,3952
US,Oklahoma,Garfield,60913
US,Oklahoma,Garvin,27811
US,Oklahoma,Grady,55551
US,Oklahoma,Grant,4326
US,Oklahoma,Greer,5821
US,Oklahoma,Harmon,2664
US,Oklahoma,Harper,3797
US,Oklahoma,Haskell,12668
US,Oklahoma,Hughes,13335
US,Oklahoma,Jackson,24949
US,Oklahoma,Jefferson,6123
US,Oklahoma,Johnston,10949
US,Oklahoma,Kay,44161
US,Oklahoma,Kingfisher,15816
US,Oklahoma,Kiowa,8729
US,Oklahoma,Latimer,10231
US,Oklahoma,Le Flore,49980
US,Oklahoma,Lincoln,34920
US,Oklahoma,Logan,47291
US,Oklahoma,Love,10134
US,Oklahoma,McClain,39985
US,Oklahoma,McCurtain,32703
US,Oklahoma,McIntosh,19815
US,Oklahoma,Major,7644
US,Oklahoma,Marshall,16806
US,Oklahoma,Mayes,41107
US,Oklahoma,Murray,13953
US,Oklahoma,Muskogee,68362
US,Oklahoma,Noble,11289
US,Oklahoma,Nowata,10218
US,Oklahoma,Okfuskee,12098
US,Oklahoma,Oklahoma,792582
US,Oklahoma,Okmulgee,38335
US,Oklahoma,Osage,47014
US,Oklahoma,Ottawa,31175
US,Oklahoma,Pawnee,16390
US,Oklahoma,Payne,82040
US,Oklahoma,Pittsburg,43877
US,Oklahoma,Pontotoc,38247
US,Oklahoma,Pottawatomie,72679
US,Oklahoma,Pushmataha,11179
US,Oklahoma,Roger Mills,3656
US,Oklahoma,Rogers,91984
US,Oklahoma,Seminole,24578
US,Oklahoma,Sequoyah,41179
US,Oklahoma,Stephens,43265
US,Oklahoma,Texas,20455
US,Oklahoma,Tillman,7348
US,Oklahoma,Tulsa,648360
US,Oklahoma,Wagoner,80110
US,Oklahoma,Washington,51843
US,Oklahoma,Washita,11127
US,Oklahoma,Woods,8897
US,Oklahoma,Woodward,20222
US,Oregon,Baker,16006
US,Oregon,Benton,92101
US,Oregon,Clackamas,416075
US,Oregon,Clatsop,39764
US,Oregon,Columbia,52377
US,Oregon,Coos,64389
US,Oregon,Crook,23867
US,Oregon,Curry,22813
US,Oregon,Deschutes,191996
US,Oregon,Douglas,110283
US,Oregon,Gilliam,1894
US,Oregon,Grant,7176
US,Oregon,Harney,7329
US,Oregon,Hood River,23428
US,Oregon,Jackson,219564
US,Oregon,Jefferson,24192
US,Oregon,Josephine,87393
US,Oregon,Klamath,67653
US,Oregon,Lake,7879
US,Oregon,Lane,379611
US,Oregon,Lincoln,49388
US,Oregon,Linn,127335
US,Oregon,Malheur,30725
US,Oregon,Marion,346868
US,Oregon,Morrow,11372
US,Oregon,Multnomah,811880
US,Oregon,Polk,85234
US,Oregon,Sherman,1708
US,Oregon,Tillamook,26787
US,Oregon,Umatilla,77516
US,Oregon,Union,26461
US,Oregon,Wallowa,7081
US,Oregon,Wasco,26505
US,Oregon,Washington,597695
US,Oregon,Wheeler,1366
US,Oregon,Yamhill,107002
US,Pennsylvania,Adams,102811
US,Pennsylvania,Allegheny,1218452
US,Pennsylvania,Armstrong,65263
US,Pennsylvania,Beaver,164742
US,Pennsylvania,Bedford,48176
US,Pennsylvania,Berks,420152
US,Pennsylvania,Blair,122492
US,Pennsylvania,Bradford,60833
US,Pennsylvania,Bucks,628195
US,Pennsylvania,Butler,187888
US,Pennsylvania,Cambria,131730
US,Pennsylvania,Cameron,4492
US,Pennsylvania,Carbon,64227
US,Pennsylvania,Centre,162805
US,Pennsylvania,Chester,522046
US,Pennsylvania,Clarion,38779
US,Pennsylvania,Clearfield,79388
US,Pennsylvania,Clinton,38684
US,Pennsylvania,Columbia,65456
US,Pennsylvania,Crawford,85063
US,Pennsylvania,Cumberland,251423
US,Pennsylvania,Dauphin,277097
US,Pennsylvania,Delaware,564751
US,Pennsylvania,Elk,30169
US,Pennsylvania,Erie,272061
US,Pennsylvania,Fayette,130441
US,Pennsylvania,Forest,7279
US,Pennsylvania,Franklin,154835
US,Pennsylvania,Fulton,14523
US,Pennsylvania,Greene,36506
US,Pennsylvania,Huntingdon,45168
US,Pennsylvania,Indiana,84501
US,Pennsylvania,Jefferson,43641
US,Pennsylvania,Juniata,24704
US,Pennsylvania,Lackawanna,210793
US,Pennsylvania,Lancaster,543557
US,Pennsylvania,Lawrence,86184
US,Pennsylvania,Lebanon,141314
US,Pennsylvania,Lehigh,368100
US,Pennsylvania,Luzerne,317646
US,Pennsylvania,Lycoming,113664
US,Pennsylvania,McKean,40968
US,Pennsylvania,Mercer,110683
US,Pennsylvania,Mifflin,46222
US,Pennsylvania,Monroe,169507
US,Pennsylvania,Montgomery,828604
US,Pennsylvania,Montour,18240
US,Pennsylvania,Northampton,304807
US,Pennsylvania,Northumberland,91083
US,Pennsylvania,Perry,46139
US,Pennsylvania,Philadelphia,1584138
US,Pennsylvania,Pike,55933
US,Pennsylvania,Potter,16622
US,Pennsylvania,Schuylkill,142067
US,Pennsylvania,Snyder,40540
US,Pennsylvania,Somerset,73952
US,Pennsylvania,Sullivan,6071
US,Pennsylvania,Susquehanna,40589
US,Pennsylvania,Tioga,40763
US,Pennsylvania,Union,44785
US,Pennsylvania,Venango,51266
US,Pennsylvania,Warren,39498
US,Pennsylvania,Washington,207346
US,Pennsylvania,Wayne,51276
US,Pennsylvania,Westmoreland,350611
US,Pennsylvania,Wyoming,27046
US,Pennsylvania,York,448273
US,Rhode Island,Bristol,48649
US,Rhode Island,Kent,163861
US,Rhode Island,Newport,82542
US,Rhode Island,Providence,636084
US,Rhode Island,Washington,126179
US,South Carolina,Abbeville,24541
US,South Carolina,Aiken,169401
US,South Carolina,Allendale,8903
US,South Carolina,Anderson,200482
US,South Carolina,Bamberg,14275
US,South Carolina,Barnwell,21112
US,South Carolina,Beaufort,188715
US,South Carolina,Berkeley,221091
US,South Carolina,Calhoun,14520
US,South Carolina,Charleston,405905
US,South Carolina,Cherokee,57078
US,South Carolina,Chester,32251
US,South Carolina,Chesterfield,45754
US,South Carolina,Clarendon,33700
US,South Carolina,Colleton,37660
US,South Carolina,Darlington,66802
US,South Carolina,Dillon,30599
US,South Carolina,Dorchester,160647
US,South Carolina,Edgefield,27052
US,South Carolina,Fairfield,22402
US,South Carolina,Florence,138159
US,South Carolina,Georgetown,62249
US,South Carolina,Greenville,514213
US,South Carolina,Greenwood,70741
US,South Carolina,Hampton,19351
US,South Carolina,Horry,344147
US,South Carolina,Jasper,28971
US,South Carolina,Kershaw,65592
US,South Carolina,Lancaster,95380
US,South Carolina,Laurens,66994
US,South Carolina,Lee,17142
US,South Carolina,Lexington,295032
US,South Carolina,McCormick,9410
US,South Carolina,Marion,31039
US,South Carolina,Marlboro,26398
US,South Carolina,Newberry,38520
US,South Carolina,Oconee,78374
US,South Carolina,Orangeburg,86934
US,South Carolina,Pickens,124937
US,South Carolina,Richland,414576
US,South Carolina,Saluda,20544
US,South Carolina,Spartanburg,313888
US,South Carolina,Sumter,106512
US,South Carolina,Union,27410
US,South Carolina,Williamsburg,30606
US,South Carolina,York,274118
US,South Dakota,Aurora,2801
US,South Dakota,Beadle,18883
US,South Dakota,Bennett,3468
US,South Dakota,Bon Homme,6980
US,South Dakota,Brookings,35232
US,South Dakota,Brown,39316
US,South Dakota,Brule,5229
US,South Dakota,Buffalo,2036
US,South Dakota,Butte,10222
US,South Dakota,Campbell,1377
US,South Dakota,Charles Mix,9338
US,South Dakota,Clark,3739
US,South Dakota,Clay,14041
US,South Dakota,Codington,28015
US,South Dakota,Corson,4165
US,South Dakota,Custer,8726
US,South Dakota,Davison,19790
US,South Dakota,Day,5505
US,South Dakota,Deuel,4337
US,South Dakota,Dewey,5904
US,South Dakota,Douglas,2935
US,South Dakota,Edmunds,3875
US,South Dakota,Fall River,6758
US,South Dakota,Faulk,2330
US,South Dakota,Grant,7147
US,South Dakota,Gregory,4212
US,South Dakota,Haakon,1918
US,South Dakota,Hamlin,6111
US,South Dakota,Hand,3262
US,South Dakota,Hanson,3376
US,South Dakota,Harding,1249
US,South Dakota,Hughes,17650
US,South Dakota,Hutchinson,7380
US,South Dakota,Hyde,1282
US,South Dakota,Jackson,3307
US,South Dakota,Jerauld,2043
US,South Dakota,Jones,928
US,South Dakota,Kingsbury,4919
US,South Dakota,Lake,13057
US,South Dakota,Lawrence,25741
US,South Dakota,Lincoln,58807
US,South Dakota,Lyman,3821
US,South Dakota,McCook,5546
US,South Dakota,McPherson,2407
US,South Dakota,Marshall,5112
US,South Dakota,Meade,28294
US,South Dakota,Mellette,2042
US,South Dakota,Miner,2213
US,South Dakota,Minnehaha,192876
US,South Dakota,Moody,6579
US,South Dakota,Oglala Lakota,14309
US,South Dakota,Pennington,111729
US,South Dakota,Perkins,2922
US,South Dakota,Potter,2207
US,South Dakota,Roberts,10447
US,South Dakota,Sanborn,2429
US,South Dakota,Spink,6495
US,South Dakota,Stanley,3022
US,South Dakota,Sully,1392
US,South Dakota,Todd,10283
US,South Dakota,Tripp,5478
US,South Dakota,Turner,8424
US,South Dakota,Union,15619
US,South Dakota,Walworth,5587
US,South Dakota,Yankton,22869
US,South Dakota,Ziebach,2742
US,Tennessee,Anderson,76482
US,Tennessee,Bedford,49038
US,Tennessee,Benton,16184
US,Tennessee,Bledsoe,14755
US,Tennessee,Blount,131349
US,Tennessee,Bradley,106727
US,Tennessee,Campbell,39583
US,Tennessee,Cannon,14462
US,Tennessee,Carroll,28020
US,Tennessee,Carter,56351
US,Tennessee,Cheatham,40439
US,Tennessee,Chester,17276
US,Tennessee,Claiborne,31756
US,Tennessee,Clay,7717
US,Tennessee,Cocke,35774
US,Tennessee,Coffee,55700
US,Tennessee,Crockett,14328
US,Tennessee,Cumberland,59673
US,Tennessee,Davidson,692587
US,Tennessee,Decatur,11706
US,Tennessee,DeKalb,20138
US,Tennessee,Dickson,53446
US,Tennessee,Dyer,37320
US,Tennessee,Fayette,40507
US,Tennessee,Fentress,18217
US,Tennessee,Franklin,41890
US,Tennessee,Gibson,49045
US,Tennessee,Giles,29503
US,Tennessee,Grainger,23145
US,Tennessee,Greene,69087
US,Tennessee,Grundy,13346
US,Tennessee,Hamblen,64569
US,Tennessee,Hamilton,364286
US,Tennessee,Hancock,6549
US,Tennessee,Hardeman,25220
US,Tennessee,Hardin,25776
US,Tennessee,Hawkins,56530
US,Tennessee,Haywood,17335
US,Tennessee,Henderson,27847
US,Tennessee,Henry,32358
US,Tennessee,Hickman,25063
US,Tennessee,Houston,8263
US,Tennessee,Humphreys,18486
US,Tennessee,Jackson,11758
US,Tennessee,Jefferson,54012
US,Tennessee,Johnson,17778
US,Tennessee,Knox,465289
US,Tennessee,Lake,7411
US,Tennessee,Lauderdale,25825
US,Tennessee,Lawrence,43734
US,Tennessee,Lewis,12086
US,Tennessee,Lincoln,34117
US,Tennessee,Loudon,53054
US,Tennessee,McMinn,53285
US,Tennessee,McNairy,25832
US,Tennessee,Macon,24265
US,Tennessee,Madison,97605
US,Tennessee,Marion,28575
US,Tennessee,Marshall,33683
US,Tennessee,Maury,94340
US,Tennessee,Meigs,12306
US,Tennessee,Monroe,46357
US,Tennessee,Montgomery,205950
US,Tennessee,Moore,6411
US,Tennessee,Morgan,21579
US,Tennessee,Obion,30267
US,Tennessee,Overton,22068
US,Tennessee,Perry,8064
US,Tennessee,Pickett,5082
US,Tennessee,Polk,16898
US,Tennessee,Putnam,78843
US,Tennessee,Rhea,33044
US,Tennessee,Roane,53140
US,Tennessee,Robertson,71012
US,Tennessee,Rutherford,324890
US,Tennessee,Scott,22039
US,Tennessee,Sequatchie,14876
US,Tennessee,Sevier,97892
US,Tennessee,Shelby,935764
US,Tennessee,Smith,19942
US,Tennessee,Stewart,13561
US,Tennessee,Sullivan,157668
US,Tennessee,Sumner,187149
US,Tennessee,Tipton,61581
US,Tennessee,Trousdale,11012
US,Tennessee,Unicoi,17761
US,Tennessee,Union,19688
US,Tennessee,Van Buren,5765
US,Tennessee,Warren,40878
US,Tennessee,Washington,128607
US,Tennessee,Wayne,16558
US,Tennessee,Weakley,33415
US,Tennessee,White,27107
US,Tennessee,Williamson,231729
US,Tennessee,Wilson,140625
US,Texas,Anderson,58057
US,Texas,Andrews,18128
US,Texas,Angelina,87092
US,Texas,Aransas,23792
US,Texas,Archer,8786
US,Texas,Armstrong,1892
US,Texas,Atascosa,50310
US,Texas,Austin,29989
US,Texas,Bailey,7027
US,Texas,Bandera,22824
US,Texas,Bastrop,86976
US,Texas,Baylor,3582
US,Texas,Bee,32587
US,Texas,Bell,355642
US,Texas,Bexar,1986049
US,Texas,Blanco,11702
US,Texas,Borden,648
US,Texas,Bosque,18691
US,Texas,Bowie,94324
US,Texas,Brazoria,370200
US,Texas,Brazos,226758
US,Texas,Brewster,9267
US,Texas,Briscoe,1516
US,Texas,Brooks,7114
US,Texas,Brown,37924
US,Texas,Burleson,18389
US,Texas,Burnet,47542
US,Texas,Caldwell,43247
US,Texas,Calhoun,21561
US,Texas,Callahan,13994
US,Texas,Cameron,423908
US,Texas,Camp,13033
US,Texas,Carson,6005
US,Texas,Cass,30119
US,Texas,Castro,7665
US,Texas,Chambers,42454
US,Texas,Cherokee,52592
US,Texas,Childress,7291
US,Texas,Clay,10456
US,Texas,Cochran,2836
US,Texas,Coke,3370
US,Texas,Coleman,8397
US,Texas,Collin,1005146
US,Texas,Collingsworth,2962
US,Texas,Colorado,21217
US,Texas,Comal,148373
US,Texas,Comanche,13534
US,Texas,Concho,4276
US,Texas,Cooke,40574
US,Texas,Coryell,74808
US,Texas,Cottle,1389
US,Texas,Crane,4794
US,Texas,Crockett,3499
US,Texas,Crosby,5779
US,Texas,Culberson,2204
US,Texas,Dallam,7200
US,Texas,Dallas,2637772
US,Texas,Dawson,12619
US,Texas,Deaf Smith,18760
US,Texas,Delta,5349
US,Texas,Denton,859064
US,Texas,DeWitt,20187
US,Texas,Dickens,2249
US,Texas,Dimmit,10308
US,Texas,Donley,3319
US,Texas,Duval,11212
US,Texas,Eastland,18322
US,Texas,Ector,162124
US,Texas,Edwards,1928
US,Texas,Ellis,179436
US,Texas,El Paso,840758
US,Texas,Erath,42446
US,Texas,Falls,17335
US,Texas,Fannin,35286
US,Texas,Fayette,25349
US,Texas,Fisher,3839
US,Texas,Floyd,5837
US,Texas,Foard,1200
US,Texas,Fort Bend,787858
US,Texas,Franklin,10766
US,Texas,Freestone,19808
US,Texas,Frio,19816
US,Texas,Gaines,20901
US,Texas,Galveston,337890
US,Texas,Garza,6578
US,Texas,Gillespie,26804
US,Texas,Glasscock,1388
US,Texas,Goliad,7584
US,Texas,Gonzales,20826
US,Texas,Gray,21895
US,Texas,Grayson,133991
US,Texas,Gregg,123707
US,Texas,Grimes,28360
US,Texas,Guadalupe,163694
US,Texas,Hale,33830
US,Texas,Hall,3028
US,Texas,Hamilton,8484
US,Texas,Hansford,5463
US,Texas,Hardeman,3922
US,Texas,Hardin,57207
US,Texas,Harris,4698619
US,Texas,Harrison,66726
US,Texas,Hartley,5619
US,Texas,Haskell,5813
US,Texas,Hays,222631
US,Texas,Hemphill,3825
US,Texas,Henderson,82299
US,Texas,Hidalgo,865939
US,Texas,Hill,36354
US,Texas,Hockley,22980
US,Texas,Hood,60537
US,Texas,Hopkins,36810
US,Texas,Houston,23169
US,Texas,Howard,36459
US,Texas,Hudspeth,4795
US,Texas,Hunt,96493
US,Texas,Hutchinson,21198
US,Texas,Irion,1522
US,Texas,Jack,8843
US,Texas,Jackson,14874
US,Texas,Jasper,35872
US,Texas,Jeff Davis,2252
US,Texas,Jefferson,255001
US,Texas,Jim Hogg,5248
US,Texas,Jim Wells,40822
US,Texas,Johnson,171361
US,Texas,Jones,19817
US,Texas,Karnes,15650
US,Texas,Kaufman,128622
US,Texas,Kendall,45641
US,Texas,Kenedy,442
US,Texas,Kent,726
US,Texas,Kerr,52405
US,Texas,Kimble,4362
US,Texas,King,277
US,Texas,Kinney,3767
US,Texas,Kleberg,31129
US,Texas,Knox,3653
US,Texas,Lamar,49728
US,Texas,Lamb,13158
US,Texas,Lampasas,21229
US,Texas,La Salle,7531
US,Texas,Lavaca,20110
US,Texas,Lee,17144
US,Texas,Leon,17270
US,Texas,Liberty,86323
US,Texas,Limestone,23519
US,Texas,Lipscomb,3355
US,Texas,Live Oak,12166
US,Texas,Llano,21646
US,Texas,Loving,152
US,Texas,Lubbock,307412
US,Texas,Lynn,5877
US,Texas,McCulloch,7987
US,Texas,McLennan,254607
US,Texas,McMullen,749
US,Texas,Madison,14422
US,Texas,Marion,9928
US,Texas,Martin,5753
US,Texas,Mason,4280
US,Texas,Matagorda,36552
US,Texas,Maverick,58485
US,Texas,Medina,50921
US,Texas,Menard,2139
US,Texas,Midland,172578
US,Texas,Milam,25131
US,Texas,Mills,4921
US,Texas,Mitchell,8145
US,Texas,Montague,19596
US,Texas,Montgomery,590925
US,Texas,Moore,21485
US,Texas,Morris,12339
US,Texas,Motley,1234
US,Texas,Nacogdoches,65711
US,Texas,Navarro,49565
US,Texas,Newton,13746
US,Texas,Nolan,14751
US,Texas,Nueces,362265
US,Texas,Ochiltree,9947
US,Texas,Oldham,2131
US,Texas,Orange,83572
US,Texas,Palo Pinto,28875
US,Texas,Panola,23148
US,Texas,Parker,138371
US,Texas,Parmer,9864
US,Texas,Pecos,15673
US,Texas,Polk,50031
US,Texas,Potter,119648
US,Texas,Presidio,6948
US,Texas,Rains,12159
US,Texas,Randall,136271
US,Texas,Reagan,3741
US,Texas,Real,3478
US,Texas,Red River,12175
US,Texas,Reeves,15695
US,Texas,Refugio,7032
US,Texas,Roberts,903
US,Texas,Robertson,17284
US,Texas,Rockwall,100657
US,Texas,Runnels,10234
US,Texas,Rusk,54450
US,Texas,Sabine,10589
US,Texas,San Augustine,8232
US,Texas,San Jacinto,28719
US,Texas,San Patricio,66893
US,Texas,San Saba,6054
US,Texas,Schleicher,2895
US,Texas,Scurry,16866
US,Texas,Shackelford,3253
US,Texas,Shelby,25418
US,Texas,Sherman,3079
US,Texas,Smith,230221
US,Texas,Somervell,9016
US,Texas,Starr,64525
US,Texas,Stephens,9433
US,Texas,Sterling,1311
US,Texas,Stonewall,1362
US,Texas,Sutton,3758
US,Texas,Swisher,7462
US,Texas,Tarrant,2084931
US,Texas,Taylor,137640
US,Texas,Terrell,823
US,Texas,Terry,12287
US,Texas,Throckmorton,1515
US,Texas,Titus,33033
US,Texas,Tom Green,118189
US,Texas,Travis,1248743
US,Texas,Trinity,14740
US,Texas,Tyler,21696
US,Texas,Upshur,41260
US,Texas,Upton,3671
US,Texas,Uvalde,26846
US,Texas,Val Verde,49208
US,Texas,Van Zandt,56019
US,Texas,Victoria,92035
US,Texas,Walker,72480
US,Texas,Waller,53126
US,Texas,Ward,11720
US,Texas,Washington,35108
US,Texas,Webb,275910
US,Texas,Wharton,41619
US,Texas,Wheeler,5191
US,Texas,Wichita,132064
US,Texas,Wilbarger,12820
US,Texas,Willacy,21515
US,Texas,Williamson,566719
US,Texas,Wilson,50224
US,Texas,Winkler,7720
US,Texas,Wise,68305
US,Texas,Wood,45129
US,Texas,Yoakum,8591
US,Texas,Young,18045
US,Texas,Zapata,14190
US,Texas,Zavala,11983
US,Utah,Beaver,6580
US,Utah,Box Elder,54950
US,Utah,Cache,127068
US,Utah,Carbon,20269
US,Utah,Daggett,980
US,Utah,Davis,351713
US,Utah,Duchesne,19964
US,Utah,Emery,10014
US,Utah,Garfield,5080
US,Utah,Grand,9764
US,Utah,Iron,52775
US,Utah,Juab,11555
US,Utah,Kane,7709
US,Utah,Millard,13006
US,Utah,Morgan,12045
US,Utah,Piute,1445
US,Utah,Rich,2464
US,Utah,Salt Lake,1152633
US,Utah,San Juan,15449
US,Utah,Sanpete,30623
US,Utah,Sevier,21539
US,Utah,Summit,41933
US,Utah,Tooele,69907
US,Utah,Uintah,35438
US,Utah,Utah,622213
US,Utah,Wasatch,33240
US,Utah,Washington,171700
US,Utah,Wayne,2690
US,Utah,Weber,256359
US,Vermont,Addison,36973
US,Vermont,Bennington,35631
US,Vermont,Caledonia,30302
US,Vermont,Chittenden,164572
US,Vermont,Essex,6250
US,Vermont,Franklin,49421
US,Vermont,Grand Isle,7090
US,Vermont,Lamoille,25300
US,Vermont,Orange,28999
US,Vermont,Orleans,26907
US,Vermont,Rutland,58672
US,Vermont,Washington,58140
US,Vermont,Windham,42756
US,Vermont,Windsor,55286
US,Virginia,Accomack,32412
US,Virginia,Albemarle,108718
US,Virginia,Alleghany,14910
US,Virginia,Amelia,13013
US,Virginia,Amherst,31666
US,Virginia,Appomattox,15841
US,Virginia,Arlington,237521
US,Virginia,Augusta,75457
US,Virginia,Bath,4292
US,Virginia,Bedford,78747
US,Virginia,Bland,6293
US,Virginia,Botetourt,33277
US,Virginia,Brunswick,16384
US,Virginia,Buchanan,21221
US,Virginia,Buckingham,16999
US,Virginia,Campbell,54973
US,Virginia,Caroline,30772
US,Virginia,Carroll,29636
US,Virginia,Charles City,6941
US,Virginia,Charlotte,11938
US,Virginia,Chesterfield,348556
US,Virginia,Clarke,14523
US,Virginia,Craig,5064
US,Virginia,Culpeper,51859
US,Virginia,Cumberland,9809
US,Virginia,Dickenson,14523
US,Virginia,Dinwiddie,28529
US,Virginia,Essex,10919
US,Virginia,Fairfax,1150795
US,Virginia,Fairfax City,24574
US,Virginia,Fauquier,70675
US,Virginia,Floyd,15795
US,Virginia,Fluvanna,26783
US,Virginia,Franklin,56195
US,Virginia,Franklin City,8013
US,Virginia,Frederick,88355
US,Virginia,Giles,16844
US,Virginia,Gloucester,37349
US,Virginia,Goochland,23244
US,Virginia,Grayson,15631
US,Virginia,Greene,19779
US,Virginia,Greensville,11627
US,Virginia,Halifax,34120
US,Virginia,Hanover,107239
US,Virginia,Henrico,329261
US,Virginia,Henry,50953
US,Virginia,Highland,2210
US,Virginia,Isle of Wight,36953
US,Virginia,James City,76397
US,Virginia,King and Queen,7042
US,Virginia,King George,26575
US,Virginia,King William,16939
US,Virginia,Lancaster,10783
US,Virginia,Lee,23541
US,Virginia,Loudoun,406850
US,Virginia,Louisa,36778
US,Virginia,Lunenburg,12086
US,Virginia,Madison,13295
US,Virginia,Mathews,8802
US,Virginia,Mecklenburg,30650
US,Virginia,Middlesex,10769
US,Virginia,Montgomery,98985
US,Virginia,Nelson,14836
US,Virginia,New Kent,22391
US,Virginia,Northampton,11735
US,Virginia,Northumberland,12147
US,Virginia,Nottoway,15420
US,Virginia,Orange,36644
US,Virginia,Page,23933
US,Virginia,Patrick,17673
US,Virginia,Pittsylvania,60949
US,Virginia,Powhatan,29189
US,Virginia,Prince Edward,22950
US,Virginia,Prince George,38082
US,Virginia,Prince William,468011
US,Virginia,Pulaski,34066
US,Virginia,Rappahannock,7252
US,Virginia,Richmond,9038
US,Virginia,Richmond City,228783
US,Virginia,Roanoke,94073
US,Virginia,Roanoke City,99920
US,Virginia,Rockbridge,22752
US,Virginia,Rockingham,81244
US,Virginia,Russell,26748
US,Virginia,Scott,21534
US,Virginia,Shenandoah,43497
US,Virginia,Smyth,30472
US,Virginia,Southampton,17586
US,Virginia,Spotsylvania,134238
US,Virginia,Stafford,149960
US,Virginia,Surry,6474
US,Virginia,Sussex,11237
US,Virginia,Tazewell,40855
US,Virginia,Warren,40003
US,Virginia,Washington,54402
US,Virginia,Westmoreland,17830
US,Virginia,Wise,38012
US,Virginia,Wythe,28754
US,Virginia,York,67846
US,Virginia,Alexandria,160530
US,Virginia,Bristol,16482
US,Virginia,Buena Vista,6237
US,Virginia,Charlottesville,48117
US,Virginia,Chesapeake,242634
US,Virginia,Colonial Heights,17833
US,Virginia,Covington,5460
US,Virginia,Danville,40693
US,Virginia,Emporia,5121
US,Virginia,Fairfax,24574
US,Virginia,Falls Church,14772
US,Virginia,Franklin,8013
US,Virginia,Fredericksburg,29144
US,Virginia,Galax,6423
US,Virginia,Hampton,134313
US,Virginia,Harrisonburg,54033
US,Virginia,Hopewell,22596
US,Virginia,Lexington,7136
US,Virginia,Lynchburg,82126
US,Virginia,Manassas,41641
US,Virginia,Manassas Park,17307
US,Virginia,Martinsville,12902
US,Virginia,Newport News,178626
US,Virginia,Norfolk,244076
US,Virginia,Norton,3968
US,Virginia,Petersburg,31567
US,Virginia,Poquoson,12190
US,Virginia,Portsmouth,94632
US,Virginia,Radford,18339
US,Virginia,Richmond city,228783
US,Virginia,Roanoke city,99920
US,Virginia,Salem,25643
US,Virginia,Staunton,24922
US,Virginia,Suffolk,91185
US,Virginia,Virginia Beach,450189
US,Virginia,Waynesboro,22628
US,Virginia,Williamsburg,14896
US,Virginia,Winchester,28108
US,Washington,Adams,19759
US,Washington,Asotin,22610
US,Washington,Benton,201877
US,Washington,Chelan,77036
US,Washington,Clallam,76737
US,Washington,Clark,481857
US,Washington,Columbia,4059
US,Washington,Cowlitz,108987
US,Washington,Douglas,42907
US,Washington,Ferry,7649
US,Washington,Franklin,94347
US,Washington,Garfield,2247
US,Washington,Grant,97331
US,Washington,Grays Harbor,73901
US,Washington,Island,84460
US,Washington,Jefferson,31729
US,Washington,King,2233163
US,Washington,Kitsap,269805
US,Washington,Kittitas,47364
US,Washington,Klickitat,22107
US,Washington,Lewis,79604
US,Washington,Lincoln,10740
US,Washington,Mason,65507
US,Washington,Okanogan,42132
US,Washington,Pacific,22036
US,Washington,Pend Oreille,13602
US,Washington,Pierce,891299
US,Washington,San Juan,17128
US,Washington,Skagit,128206
US,Washington,Skamania,11924
US,Washington,Snohomish,814901
US,Washington,Spokane,514631
US,Washington,Stevens,45260
US,Washington,Thurston,286419
US,Washington,Wahkiakum,4426
US,Washington,Walla Walla,60922
US,Washington,Whatcom,225685
US,Washington,Whitman,49791
US,Washington,Yakima,251446
US,West Virginia,Barbour,16535
US,West Virginia,Berkeley,117123
US,West Virginia,Boone,21951
US,West Virginia,Braxton,14089
US,West Virginia,Brooke,22203
US,West Virginia,Cabell,93224
US,West Virginia,Calhoun,7254
US,West Virginia,Clay,8632
US,West Virginia,Doddridge,8406
US,West Virginia,Fayette,43018
US,West Virginia,Gilmer,8026
US,West Virginia,Grant,11626
US,West Virginia,Greenbrier,34786
US,West Virginia,Hampshire,23347
US,West Virginia,Hancock,29094
US,West Virginia,Hardy,13775
US,West Virginia,Harrison,67554
US,West Virginia,Jackson,28706
US,West Virginia,Jefferson,56811
US,West Virginia,Kanawha,180454
US,West Virginia,Lewis,16024
US,West Virginia,Lincoln,20599
US,West Virginia,Logan,32607
US,West Virginia,McDowell,18223
US,West Virginia,Marion,56097
US,West Virginia,Marshall,30785
US,West Virginia,Mason,26718
US,West Virginia,Mercer,59131
US,West Virginia,Mineral,26940
US,West Virginia,Mingo,23785
US,West Virginia,Monongalia,106420
US,West Virginia,Monroe,13280
US,West Virginia,Morgan,17787
US,West Virginia,Nicholas,24842
US,West Virginia,Ohio,41755
US,West Virginia,Pendleton,6997
US,West Virginia,Pleasants,7507
US,West Virginia,Pocahontas,8414
US,West Virginia,Preston,33839
US,West Virginia,Putnam,56682
US,West Virginia,Raleigh,74254
US,West Virginia,Randolph,28823
US,West Virginia,Ritchie,9721
US,West Virginia,Roane,13932
US,West Virginia,Summers,12760
US,West Virginia,Taylor,16862
US,West Virginia,Tucker,6955
US,West Virginia,Tyler,8746
US,West Virginia,Upshur,24415
US,West Virginia,Wayne,39944
US,West Virginia,Webster,8285
US,West Virginia,Wetzel,15270
US,West Virginia,Wirt,5830
US,West Virginia,Wood,84203
US,West Virginia,Wyoming,20786
US,Wisconsin,Adams,20348
US,Wisconsin,Ashland,15600
US,Wisconsin,Barron,45164
US,Wisconsin,Bayfield,15042
US,Wisconsin,Brown,263378
US,Wisconsin,Buffalo,13125
US,Wisconsin,Burnett,15392
US,Wisconsin,Calumet,50159
US,Wisconsin,Chippewa,64135
US,Wisconsin,Clark,34709
US,Wisconsin,Columbia,57358
US,Wisconsin,Crawford,16291
US,Wisconsin,Dane,542364
US,Wisconsin,Dodge,87847
US,Wisconsin,Door,27610
US,Wisconsin,Douglas,43208
US,Wisconsin,Dunn,45131
US,Wisconsin,Eau Claire,104534
US,Wisconsin,Florence,4321
US,Wisconsin,Fond du Lac,103066
US,Wisconsin,Forest,8991
US,Wisconsin,Grant,51554
US,Wisconsin,Green,36929
US,Wisconsin,Green Lake,18918
US,Wisconsin,Iowa,23771
US,Wisconsin,Iron,5676
US,Wisconsin,Jackson,20478
US,Wisconsin,Jefferson,85129
US,Wisconsin,Juneau,26617
US,Wisconsin,Kenosha,169290
US,Wisconsin,Kewaunee,20383
US,Wisconsin,La Crosse,118230
US,Wisconsin,Lafayette,16665
US,Wisconsin,Langlade,19268
US,Wisconsin,Lincoln,27689
US,Wisconsin,Manitowoc,79074
US,Wisconsin,Marathon,135428
US,Wisconsin,Marinette,40434
US,Wisconsin,Marquette,15434
US,Wisconsin,Menominee,4658
US,Wisconsin,Milwaukee,948201
US,Wisconsin,Monroe,46051
US,Wisconsin,Oconto,37830
US,Wisconsin,Oneida,35470
US,Wisconsin,Outagamie,187365
US,Wisconsin,Ozaukee,89147
US,Wisconsin,Pepin,7289
US,Wisconsin,Pierce,42555
US,Wisconsin,Polk,43598
US,Wisconsin,Portage,70942
US,Wisconsin,Price,13397
US,Wisconsin,Racine,196584
US,Wisconsin,Richland,17377
US,Wisconsin,Rock,163129
US,Wisconsin,Rusk,14147
US,Wisconsin,St. Croix,89694
US,Wisconsin,Sauk,64249
US,Wisconsin,Sawyer,16489
US,Wisconsin,Shawano,40796
US,Wisconsin,Sheboygan,115456
US,Wisconsin,Taylor,20412
US,Wisconsin,Trempealeau,29442
US,Wisconsin,Vernon,30785
US,Wisconsin,Vilas,21938
US,Wisconsin,Walworth,103718
US,Wisconsin,Washburn,15878
US,Wisconsin,Washington,135693
US,Wisconsin,Waukesha,403072
US,Wisconsin,Waupaca,51128
US,Wisconsin,Waushara,24263
US,Wisconsin,Winnebago,171020
US,Wisconsin,Wood,73055
US,Wyoming,Albany,38601
US,Wyoming,Big Horn,11881
US,Wyoming,Campbell,46140
US,Wyoming,Carbon,14971
US,Wyoming,Converse,13640
US,Wyoming,Crook,7450
US,Wyoming,Fremont,39531
US,Wyoming,Goshen,13376
US,Wyoming,Hot Springs,4555
US,Wyoming,Johnson,8460
US,Wyoming,Laramie,98976
US,Wyoming,Lincoln,19434
US,Wyoming,Natrona,79115
US,Wyoming,Niobrara,2388
US,Wyoming,Park,29324
US,Wyoming,Platte,8566
US,Wyoming,Sheridan,30233
US,Wyoming,Sublette,9813
US,Wyoming,Sweetwater,43051
US,Wyoming,Teton,23081
US,Wyoming,Uinta,20299
US,Wyoming,Washakie,7885
US,Wyoming,Weston,6967
US,American Samoa,,55641
US,Guam,,164229